run,PauseTime,repetition,Module,meanNbHops,nbDataPacketsForwarded,nbDataPacketsReceived,nbDataPacketsSent,nbSpdDrops
RandomWaypointMobility-SPD-B-61-20220108-21:40:57-30828,900,1,TARPNetwork.node[54].generic.np,0,NaN,NaN,NaN,8
RandomWaypointMobility-SPD-B-80-20220108-21:52:09-30828,900,20,TARPNetwork.node[12].generic.np,0,294,NaN,0,1425
RandomWaypointMobility-SPD-B-60-20220108-21:40:29-30828,900,0,TARPNetwork.node[8].generic.np,0,819,0,0,120
RandomWaypointMobility-SPD-B-86-20220108-21:55:49-30828,900,26,TARPNetwork.node[12].generic.np,0,1714,0,0,23
RandomWaypointMobility-SPD-B-83-20220108-21:53:43-30828,900,23,TARPNetwork.node[49].generic.np,0,1703,NaN,NaN,8
RandomWaypointMobility-SPD-B-72-20220108-21:46:43-30828,900,12,TARPNetwork.node[3].generic.np,0,1626,0,0,3
RandomWaypointMobility-SPD-B-66-20220108-21:43:22-30828,900,6,TARPNetwork.node[35].generic.np,0,1777,0,0,0
RandomWaypointMobility-SPD-B-85-20220108-21:54:59-30828,900,25,TARPNetwork.node[19].generic.np,NaN,NaN,NaN,0,30
RandomWaypointMobility-SPD-B-70-20220108-21:45:39-30828,900,10,TARPNetwork.node[44].generic.np,NaN,NaN,0,NaN,165
RandomWaypointMobility-SPD-B-85-20220108-21:54:59-30828,900,25,TARPNetwork.node[12].generic.np,0,1392,0,0,73
RandomWaypointMobility-SPD-B-68-20220108-21:44:32-30828,900,8,TARPNetwork.node[35].generic.np,NaN,NaN,0,0,NaN
RandomWaypointMobility-SPD-B-89-20220108-21:57:16-30828,900,29,TARPNetwork.node[35].generic.np,0,182,NaN,0,1452
RandomWaypointMobility-SPD-B-82-20220108-21:53:12-30828,900,22,TARPNetwork.node[35].generic.np,0,153,0,0,1452
RandomWaypointMobility-SPD-B-83-20220108-21:53:43-30828,900,23,TARPNetwork.node[44].generic.np,0,254,0,0,21
RandomWaypointMobility-SPD-B-65-20220108-21:42:59-30828,900,5,TARPNetwork.node[35].generic.np,0,1658,NaN,0,NaN
RandomWaypointMobility-SPD-B-63-20220108-21:41:50-30828,900,3,TARPNetwork.node[12].generic.np,0,107,0,0,24
RandomWaypointMobility-SPD-B-67-20220108-21:43:58-30828,900,7,TARPNetwork.node[35].generic.np,NaN,836,0,0,199
RandomWaypointMobility-SPD-B-66-20220108-21:43:22-30828,900,6,TARPNetwork.node[4].generic.np,0,822,0,0,959
RandomWaypointMobility-SPD-B-85-20220108-21:54:59-30828,900,25,TARPNetwork.node[4].generic.np,NaN,1476,0,0,143
RandomWaypointMobility-SPD-B-61-20220108-21:40:57-30828,900,1,TARPNetwork.node[35].generic.np,0,38,0,0,37
RandomWaypointMobility-SPD-B-80-20220108-21:52:09-30828,900,20,TARPNetwork.node[19].generic.np,0,317,0,0,46
RandomWaypointMobility-SPD-B-77-20220108-21:49:56-30828,900,17,TARPNetwork.node[54].generic.np,NaN,NaN,NaN,NaN,50
RandomWaypointMobility-SPD-B-65-20220108-21:42:59-30828,900,5,TARPNetwork.node[19].generic.np,NaN,NaN,NaN,0,NaN
RandomWaypointMobility-SPD-B-73-20220108-21:47:31-30828,900,13,TARPNetwork.node[35].generic.np,NaN,NaN,0,0,NaN
RandomWaypointMobility-SPD-B-87-20220108-21:56:09-30828,900,27,TARPNetwork.node[3].generic.np,NaN,NaN,0,NaN,NaN
RandomWaypointMobility-SPD-B-64-20220108-21:42:24-30828,900,4,TARPNetwork.node[34].generic.np,0,913,0,0,61
RandomWaypointMobility-SPD-B-83-20220108-21:53:43-30828,900,23,TARPNetwork.node[34].generic.np,0,199,0,0,55
RandomWaypointMobility-SPD-B-75-20220108-21:48:47-30828,900,15,TARPNetwork.node[20].generic.np,0,1660,0,0,0
RandomWaypointMobility-SPD-B-64-20220108-21:42:24-30828,900,4,TARPNetwork.node[44].generic.np,NaN,856,0,0,NaN
RandomWaypointMobility-SPD-B-87-20220108-21:56:09-30828,900,27,TARPNetwork.node[55].generic.np,0,1765,0,0,17
RandomWaypointMobility-SPD-B-78-20220108-21:50:40-30828,900,18,TARPNetwork.node[34].generic.np,0,1068,0,0,5
RandomWaypointMobility-SPD-B-60-20220108-21:40:29-30828,900,0,TARPNetwork.node[12].generic.np,0,700,0,0,93
RandomWaypointMobility-SPD-B-62-20220108-21:41:21-30828,900,2,TARPNetwork.node[8].generic.np,0,101,0,0,44
RandomWaypointMobility-SPD-B-89-20220108-21:57:16-30828,900,29,TARPNetwork.node[44].generic.np,0,918,0,0,789
RandomWaypointMobility-SPD-B-79-20220108-21:51:30-30828,900,19,TARPNetwork.node[34].generic.np,0,909,0,0,0
RandomWaypointMobility-SPD-B-79-20220108-21:51:30-30828,900,19,TARPNetwork.node[8].generic.np,0,909,0,0,8
RandomWaypointMobility-SPD-B-70-20220108-21:45:39-30828,900,10,TARPNetwork.node[20].generic.np,0,838,0,0,35
RandomWaypointMobility-SPD-B-82-20220108-21:53:12-30828,900,22,TARPNetwork.node[20].generic.np,0,862,0,0,882
RandomWaypointMobility-SPD-B-75-20220108-21:48:47-30828,900,15,TARPNetwork.node[44].generic.np,0,855,0,0,0
RandomWaypointMobility-SPD-B-65-20220108-21:42:59-30828,900,5,TARPNetwork.node[12].generic.np,0,201,0,0,932
RandomWaypointMobility-SPD-B-81-20220108-21:52:34-30828,900,21,TARPNetwork.node[49].generic.np,0,740,0,0,10
RandomWaypointMobility-SPD-B-86-20220108-21:55:49-30828,900,26,TARPNetwork.node[8].generic.np,0,208,0,0,33
RandomWaypointMobility-SPD-B-84-20220108-21:54:18-30828,900,24,TARPNetwork.node[55].generic.np,0,884,NaN,NaN,25
RandomWaypointMobility-SPD-B-77-20220108-21:49:56-30828,900,17,TARPNetwork.node[34].generic.np,0,1730,0,0,29
RandomWaypointMobility-SPD-B-86-20220108-21:55:49-30828,900,26,TARPNetwork.node[44].generic.np,0,1683,0,0,68
RandomWaypointMobility-SPD-B-64-20220108-21:42:24-30828,900,4,TARPNetwork.node[3].generic.np,0,886,0,0,115
RandomWaypointMobility-SPD-B-78-20220108-21:50:40-30828,900,18,TARPNetwork.node[8].generic.np,0,1021,0,0,48
RandomWaypointMobility-SPD-B-81-20220108-21:52:34-30828,900,21,TARPNetwork.node[20].generic.np,0,153,0,0,707
RandomWaypointMobility-SPD-B-61-20220108-21:40:57-30828,900,1,TARPNetwork.node[3].generic.np,0,163,0,0,14
RandomWaypointMobility-SPD-B-71-20220108-21:46:08-30828,900,11,TARPNetwork.node[49].generic.np,0,745,0,0,100
RandomWaypointMobility-SPD-B-80-20220108-21:52:09-30828,900,20,TARPNetwork.node[34].generic.np,0,996,0,0,789
RandomWaypointMobility-SPD-B-86-20220108-21:55:49-30828,900,26,TARPNetwork.node[20].generic.np,NaN,NaN,0,NaN,NaN
RandomWaypointMobility-SPD-B-89-20220108-21:57:16-30828,900,29,TARPNetwork.node[55].generic.np,0,194,0,0,1524
RandomWaypointMobility-SPD-B-77-20220108-21:49:56-30828,900,17,TARPNetwork.node[8].generic.np,0,282,0,0,1506
RandomWaypointMobility-SPD-B-81-20220108-21:52:34-30828,900,21,TARPNetwork.node[34].generic.np,0,149,0,0,1589
RandomWaypointMobility-SPD-B-71-20220108-21:46:08-30828,900,11,TARPNetwork.node[35].generic.np,0,737,0,0,83
RandomWaypointMobility-SPD-B-81-20220108-21:52:34-30828,900,21,TARPNetwork.node[55].generic.np,0,1748,0,0,15
RandomWaypointMobility-SPD-B-76-20220108-21:49:18-30828,900,16,TARPNetwork.node[55].generic.np,0,1642,0,0,2
RandomWaypointMobility-SPD-B-71-20220108-21:46:08-30828,900,11,TARPNetwork.node[55].generic.np,0,713,0,0,97
RandomWaypointMobility-SPD-B-87-20220108-21:56:09-30828,900,27,TARPNetwork.node[35].generic.np,0,169,0,0,142
RandomWaypointMobility-SPD-B-87-20220108-21:56:09-30828,900,27,TARPNetwork.node[54].generic.np,0,943,NaN,NaN,791
RandomWaypointMobility-SPD-B-77-20220108-21:49:56-30828,900,17,TARPNetwork.node[12].generic.np,0,1629,0,0,132
RandomWaypointMobility-SPD-B-70-20220108-21:45:39-30828,900,10,TARPNetwork.node[3].generic.np,0,868,0,0,12
RandomWaypointMobility-SPD-B-76-20220108-21:49:18-30828,900,16,TARPNetwork.node[20].generic.np,0,72,0,0,0
RandomWaypointMobility-SPD-B-66-20220108-21:43:22-30828,900,6,TARPNetwork.node[8].generic.np,0,988,0,0,93
RandomWaypointMobility-SPD-B-60-20220108-21:40:29-30828,900,0,TARPNetwork.node[44].generic.np,0,NaN,NaN,NaN,79
RandomWaypointMobility-SPD-B-61-20220108-21:40:57-30828,900,1,TARPNetwork.node[55].generic.np,0,NaN,NaN,NaN,124
RandomWaypointMobility-SPD-B-88-20220108-21:56:39-30828,900,28,TARPNetwork.node[33].generic.np,0,956,0,0,21
RandomWaypointMobility-SPD-B-86-20220108-21:55:49-30828,900,26,TARPNetwork.node[3].generic.np,0,30,0,0,81
RandomWaypointMobility-SPD-B-84-20220108-21:54:18-30828,900,24,TARPNetwork.node[34].generic.np,NaN,NaN,0,0,59
RandomWaypointMobility-SPD-B-75-20220108-21:48:47-30828,900,15,TARPNetwork.node[34].generic.np,0,179,0,0,218
RandomWaypointMobility-SPD-B-83-20220108-21:53:43-30828,900,23,TARPNetwork.node[55].generic.np,0,1480,0,0,170
RandomWaypointMobility-SPD-B-67-20220108-21:43:58-30828,900,7,TARPNetwork.node[44].generic.np,0,801,0,0,23
RandomWaypointMobility-SPD-B-77-20220108-21:49:56-30828,900,17,TARPNetwork.node[55].generic.np,0,708,NaN,NaN,78
RandomWaypointMobility-SPD-B-63-20220108-21:41:50-30828,900,3,TARPNetwork.node[20].generic.np,0,921,0,0,810
RandomWaypointMobility-SPD-B-66-20220108-21:43:22-30828,900,6,TARPNetwork.node[34].generic.np,0,1796,0,0,1
RandomWaypointMobility-SPD-B-70-20220108-21:45:39-30828,900,10,TARPNetwork.node[55].generic.np,0,836,0,0,34
RandomWaypointMobility-SPD-B-68-20220108-21:44:32-30828,900,8,TARPNetwork.node[33].generic.np,NaN,491,NaN,NaN,NaN
RandomWaypointMobility-SPD-B-65-20220108-21:42:59-30828,900,5,TARPNetwork.node[20].generic.np,0,NaN,NaN,NaN,NaN
RandomWaypointMobility-SPD-B-60-20220108-21:40:29-30828,900,0,TARPNetwork.node[20].generic.np,0,931,0,NaN,36
RandomWaypointMobility-SPD-B-72-20220108-21:46:43-30828,900,12,TARPNetwork.node[33].generic.np,0,1690,0,0,30
RandomWaypointMobility-SPD-B-62-20220108-21:41:21-30828,900,2,TARPNetwork.node[20].generic.np,0,62,0,0,40
RandomWaypointMobility-SPD-B-79-20220108-21:51:30-30828,900,19,TARPNetwork.node[4].generic.np,0,803,0,0,110
RandomWaypointMobility-SPD-B-89-20220108-21:57:16-30828,900,29,TARPNetwork.node[20].generic.np,0,163,0,0,1506
RandomWaypointMobility-SPD-B-62-20220108-21:41:21-30828,900,2,TARPNetwork.node[49].generic.np,0,45,0,0,NaN
RandomWaypointMobility-SPD-B-68-20220108-21:44:32-30828,900,8,TARPNetwork.node[20].generic.np,NaN,NaN,0,0,NaN
RandomWaypointMobility-SPD-B-73-20220108-21:47:31-30828,900,13,TARPNetwork.node[34].generic.np,0,1684,0,0,25
RandomWaypointMobility-SPD-B-76-20220108-21:49:18-30828,900,16,TARPNetwork.node[34].generic.np,NaN,NaN,NaN,NaN,966
RandomWaypointMobility-SPD-B-62-20220108-21:41:21-30828,900,2,TARPNetwork.node[34].generic.np,NaN,NaN,NaN,0,NaN
RandomWaypointMobility-SPD-B-64-20220108-21:42:24-30828,900,4,TARPNetwork.node[20].generic.np,0,955,0,0,NaN
RandomWaypointMobility-SPD-B-63-20220108-21:41:50-30828,900,3,TARPNetwork.node[34].generic.np,0,135,0,0,91
RandomWaypointMobility-SPD-B-88-20220108-21:56:39-30828,900,28,TARPNetwork.node[34].generic.np,0,920,0,0,55
RandomWaypointMobility-SPD-B-71-20220108-21:46:08-30828,900,11,TARPNetwork.node[20].generic.np,0,761,NaN,NaN,89
RandomWaypointMobility-SPD-B-67-20220108-21:43:58-30828,900,7,TARPNetwork.node[55].generic.np,NaN,NaN,NaN,NaN,206
RandomWaypointMobility-SPD-B-72-20220108-21:46:43-30828,900,12,TARPNetwork.node[44].generic.np,NaN,NaN,0,0,NaN
RandomWaypointMobility-SPD-B-85-20220108-21:54:59-30828,900,25,TARPNetwork.node[8].generic.np,0,811,NaN,0,NaN
RandomWaypointMobility-SPD-B-60-20220108-21:40:29-30828,900,0,TARPNetwork.node[55].generic.np,0,87,0,0,0
RandomWaypointMobility-SPD-B-84-20220108-21:54:18-30828,900,24,TARPNetwork.node[20].generic.np,0,896,0,0,38
RandomWaypointMobility-SPD-B-86-20220108-21:55:49-30828,900,26,TARPNetwork.node[49].generic.np,0,1579,NaN,0,117
RandomWaypointMobility-SPD-B-78-20220108-21:50:40-30828,900,18,TARPNetwork.node[3].generic.np,NaN,NaN,NaN,0,NaN
RandomWaypointMobility-SPD-B-63-20220108-21:41:50-30828,900,3,TARPNetwork.node[8].generic.np,NaN,NaN,0,NaN,NaN
RandomWaypointMobility-SPD-B-81-20220108-21:52:34-30828,900,21,TARPNetwork.node[35].generic.np,0,1756,0,0,5
RandomWaypointMobility-SPD-B-67-20220108-21:43:58-30828,900,7,TARPNetwork.node[12].generic.np,0,801,0,0,19
RandomWaypointMobility-SPD-B-88-20220108-21:56:39-30828,900,28,TARPNetwork.node[35].generic.np,0,926,0,0,33
RandomWaypointMobility-SPD-B-76-20220108-21:49:18-30828,900,16,TARPNetwork.node[35].generic.np,0,1682,0,0,0
RandomWaypointMobility-SPD-B-84-20220108-21:54:18-30828,900,24,TARPNetwork.node[49].generic.np,0,927,0,0,5
RandomWaypointMobility-SPD-B-85-20220108-21:54:59-30828,900,25,TARPNetwork.node[55].generic.np,0,1641,0,0,0
RandomWaypointMobility-SPD-B-62-20220108-21:41:21-30828,900,2,TARPNetwork.node[55].generic.np,0,71,0,0,33
RandomWaypointMobility-SPD-B-84-20220108-21:54:18-30828,900,24,TARPNetwork.node[19].generic.np,0,899,0,0,6
RandomWaypointMobility-SPD-B-78-20220108-21:50:40-30828,900,18,TARPNetwork.node[44].generic.np,0,1069,0,0,5
RandomWaypointMobility-SPD-B-66-20220108-21:43:22-30828,900,6,TARPNetwork.node[19].generic.np,0,705,0,0,81
RandomWaypointMobility-SPD-B-88-20220108-21:56:39-30828,900,28,TARPNetwork.node[19].generic.np,0,968,0,0,23
RandomWaypointMobility-SPD-B-63-20220108-21:41:50-30828,900,3,TARPNetwork.node[3].generic.np,0,269,0,0,559
RandomWaypointMobility-SPD-B-73-20220108-21:47:31-30828,900,13,TARPNetwork.node[55].generic.np,0,1633,0,0,41
RandomWaypointMobility-SPD-B-66-20220108-21:43:22-30828,900,6,TARPNetwork.node[3].generic.np,0,205,0,0,781
RandomWaypointMobility-SPD-B-89-20220108-21:57:16-30828,900,29,TARPNetwork.node[54].generic.np,0,337,0,0,124
RandomWaypointMobility-SPD-B-82-20220108-21:53:12-30828,900,22,TARPNetwork.node[3].generic.np,0,173,0,0,782
RandomWaypointMobility-SPD-B-86-20220108-21:55:49-30828,900,26,TARPNetwork.node[55].generic.np,0,112,0,0,27
RandomWaypointMobility-SPD-B-77-20220108-21:49:56-30828,900,17,TARPNetwork.node[19].generic.np,NaN,82,NaN,NaN,NaN
RandomWaypointMobility-SPD-B-88-20220108-21:56:39-30828,900,28,TARPNetwork.node[12].generic.np,0,946,0,0,24
RandomWaypointMobility-SPD-B-84-20220108-21:54:18-30828,900,24,TARPNetwork.node[44].generic.np,0,860,0,0,70
RandomWaypointMobility-SPD-B-70-20220108-21:45:39-30828,900,10,TARPNetwork.node[54].generic.np,0,817,0,0,10
RandomWaypointMobility-SPD-B-72-20220108-21:46:43-30828,900,12,TARPNetwork.node[54].generic.np,NaN,NaN,NaN,NaN,79
RandomWaypointMobility-SPD-B-88-20220108-21:56:39-30828,900,28,TARPNetwork.node[4].generic.np,0,874,0,0,708
RandomWaypointMobility-SPD-B-78-20220108-21:50:40-30828,900,18,TARPNetwork.node[35].generic.np,0,82,NaN,0,13
RandomWaypointMobility-SPD-B-62-20220108-21:41:21-30828,900,2,TARPNetwork.node[4].generic.np,0,100,0,0,38
RandomWaypointMobility-SPD-B-72-20220108-21:46:43-30828,900,12,TARPNetwork.node[35].generic.np,0,1633,0,0,89
RandomWaypointMobility-SPD-B-84-20220108-21:54:18-30828,900,24,TARPNetwork.node[35].generic.np,NaN,NaN,NaN,NaN,1
RandomWaypointMobility-SPD-B-83-20220108-21:53:43-30828,900,23,TARPNetwork.node[12].generic.np,0,1582,0,0,77
RandomWaypointMobility-SPD-B-68-20220108-21:44:32-30828,900,8,TARPNetwork.node[44].generic.np,0,452,0,0,32
RandomWaypointMobility-SPD-B-70-20220108-21:45:39-30828,900,10,TARPNetwork.node[12].generic.np,0,799,0,0,26
RandomWaypointMobility-SPD-B-77-20220108-21:49:56-30828,900,17,TARPNetwork.node[35].generic.np,0,1712,0,0,72
RandomWaypointMobility-SPD-B-71-20220108-21:46:08-30828,900,11,TARPNetwork.node[54].generic.np,0,724,0,0,76
RandomWaypointMobility-SPD-B-87-20220108-21:56:09-30828,900,27,TARPNetwork.node[49].generic.np,0,NaN,NaN,NaN,58
RandomWaypointMobility-SPD-B-75-20220108-21:48:47-30828,900,15,TARPNetwork.node[50].generic.np,NaN,NaN,0,NaN,NaN
RandomWaypointMobility-SPD-B-70-20220108-21:45:39-30828,900,10,TARPNetwork.node[4].generic.np,0,119,0,0,17
RandomWaypointMobility-SPD-B-63-20220108-21:41:50-30828,900,3,TARPNetwork.node[4].generic.np,NaN,NaN,NaN,NaN,1606
RandomWaypointMobility-SPD-B-63-20220108-21:41:50-30828,900,3,TARPNetwork.node[35].generic.np,0,842,0,0,172
RandomWaypointMobility-SPD-B-64-20220108-21:42:24-30828,900,4,TARPNetwork.node[4].generic.np,0,826,0,0,128
RandomWaypointMobility-SPD-B-60-20220108-21:40:29-30828,900,0,TARPNetwork.node[35].generic.np,0,47,0,0,17
RandomWaypointMobility-SPD-B-79-20220108-21:51:30-30828,900,19,TARPNetwork.node[12].generic.np,0,871,0,0,42
RandomWaypointMobility-SPD-B-83-20220108-21:53:43-30828,900,23,TARPNetwork.node[35].generic.np,0,1694,0,0,0
RandomWaypointMobility-SPD-B-62-20220108-21:41:21-30828,900,2,TARPNetwork.node[35].generic.np,0,116,0,0,30
RandomWaypointMobility-SPD-B-83-20220108-21:53:43-30828,900,23,TARPNetwork.node[54].generic.np,0,187,0,0,11
RandomWaypointMobility-SPD-B-88-20220108-21:56:39-30828,900,28,TARPNetwork.node[54].generic.np,0,877,0,0,64
RandomWaypointMobility-SPD-B-75-20220108-21:48:47-30828,900,15,TARPNetwork.node[49].generic.np,0,203,0,0,28
RandomWaypointMobility-SPD-B-65-20220108-21:42:59-30828,900,5,TARPNetwork.node[54].generic.np,0,NaN,NaN,NaN,58
RandomWaypointMobility-SPD-B-70-20220108-21:45:39-30828,900,10,TARPNetwork.node[35].generic.np,0,733,0,0,103
RandomWaypointMobility-SPD-B-82-20220108-21:53:12-30828,900,22,TARPNetwork.node[54].generic.np,0,204,0,0,43
RandomWaypointMobility-SPD-B-63-20220108-21:41:50-30828,900,3,TARPNetwork.node[19].generic.np,0,849,0,0,110
RandomWaypointMobility-SPD-B-74-20220108-21:48:15-30828,900,14,TARPNetwork.node[4].generic.np,0,43,0,0,69
RandomWaypointMobility-SPD-B-66-20220108-21:43:22-30828,900,6,TARPNetwork.node[54].generic.np,0,114,0,0,879
RandomWaypointMobility-SPD-B-66-20220108-21:43:22-30828,900,6,TARPNetwork.node[49].generic.np,0,12,0,0,107
RandomWaypointMobility-SPD-B-75-20220108-21:48:47-30828,900,15,TARPNetwork.node[19].generic.np,0,934,0,0,774
RandomWaypointMobility-SPD-B-88-20220108-21:56:39-30828,900,28,TARPNetwork.node[44].generic.np,0,1051,0,0,7
RandomWaypointMobility-SPD-B-74-20220108-21:48:15-30828,900,14,TARPNetwork.node[19].generic.np,0,796,NaN,NaN,116
RandomWaypointMobility-SPD-B-65-20220108-21:42:59-30828,900,5,TARPNetwork.node[44].generic.np,0,78,0,0,43
RandomWaypointMobility-SPD-B-86-20220108-21:55:49-30828,900,26,TARPNetwork.node[35].generic.np,0,126,0,0,1532
RandomWaypointMobility-SPD-B-84-20220108-21:54:18-30828,900,24,TARPNetwork.node[8].generic.np,0,933,0,0,1
RandomWaypointMobility-SPD-B-73-20220108-21:47:31-30828,900,13,TARPNetwork.node[19].generic.np,0,1666,0,0,14
RandomWaypointMobility-SPD-B-82-20220108-21:53:12-30828,900,22,TARPNetwork.node[4].generic.np,0,121,0,0,1449
RandomWaypointMobility-SPD-B-67-20220108-21:43:58-30828,900,7,TARPNetwork.node[4].generic.np,0,878,0,0,78
RandomWaypointMobility-SPD-B-76-20220108-21:49:18-30828,900,16,TARPNetwork.node[36].generic.np,0,307,0,0,73
RandomWaypointMobility-SPD-B-83-20220108-21:53:43-30828,900,23,TARPNetwork.node[19].generic.np,0,136,0,0,84
RandomWaypointMobility-SPD-B-80-20220108-21:52:09-30828,900,20,TARPNetwork.node[4].generic.np,0,183,0,0,35
RandomWaypointMobility-SPD-B-60-20220108-21:40:29-30828,900,0,TARPNetwork.node[19].generic.np,0,42,0,0,18
RandomWaypointMobility-SPD-B-86-20220108-21:55:49-30828,900,26,TARPNetwork.node[54].generic.np,0,30,0,0,81
RandomWaypointMobility-SPD-B-72-20220108-21:46:43-30828,900,12,TARPNetwork.node[4].generic.np,0,1719,0,0,5
RandomWaypointMobility-SPD-B-73-20220108-21:47:31-30828,900,13,TARPNetwork.node[54].generic.np,0,1528,0,0,165
RandomWaypointMobility-SPD-B-87-20220108-21:56:09-30828,900,27,TARPNetwork.node[43].generic.np,0,251,0,0,15
RandomWaypointMobility-SPD-B-72-20220108-21:46:43-30828,900,12,TARPNetwork.node[49].generic.np,0,1708,0,0,7
RandomWaypointMobility-SPD-B-88-20220108-21:56:39-30828,900,28,TARPNetwork.node[8].generic.np,0,977,0,0,0
RandomWaypointMobility-SPD-B-81-20220108-21:52:34-30828,900,21,TARPNetwork.node[36].generic.np,0,1766,0,0,0
RandomWaypointMobility-SPD-B-83-20220108-21:53:43-30828,900,23,TARPNetwork.node[36].generic.np,0,114,0,0,183
RandomWaypointMobility-SPD-B-76-20220108-21:49:18-30828,900,16,TARPNetwork.node[19].generic.np,0,994,0,0,688
RandomWaypointMobility-SPD-B-84-20220108-21:54:18-30828,900,24,TARPNetwork.node[54].generic.np,0,953,0,0,0
RandomWaypointMobility-SPD-B-69-20220108-21:44:59-30828,900,9,TARPNetwork.node[4].generic.np,0,9,0,0,6
RandomWaypointMobility-SPD-B-73-20220108-21:47:31-30828,900,13,TARPNetwork.node[12].generic.np,0,1529,0,0,164
RandomWaypointMobility-SPD-B-79-20220108-21:51:30-30828,900,19,TARPNetwork.node[19].generic.np,0,907,0,0,1
RandomWaypointMobility-SPD-B-80-20220108-21:52:09-30828,900,20,TARPNetwork.node[36].generic.np,0,880,0,0,101
RandomWaypointMobility-SPD-B-62-20220108-21:41:21-30828,900,2,TARPNetwork.node[19].generic.np,0,929,0,0,41
RandomWaypointMobility-SPD-B-80-20220108-21:52:09-30828,900,20,TARPNetwork.node[44].generic.np,0,397,0,0,105
RandomWaypointMobility-SPD-B-79-20220108-21:51:30-30828,900,19,TARPNetwork.node[44].generic.np,0,769,0,0,78
RandomWaypointMobility-SPD-B-71-20220108-21:46:08-30828,900,11,TARPNetwork.node[19].generic.np,0,747,0,0,55
RandomWaypointMobility-SPD-B-68-20220108-21:44:32-30828,900,8,TARPNetwork.node[19].generic.np,0,858,0,0,34
RandomWaypointMobility-SPD-B-74-20220108-21:48:15-30828,900,14,TARPNetwork.node[54].generic.np,0,796,0,0,128
RandomWaypointMobility-SPD-B-81-20220108-21:52:34-30828,900,21,TARPNetwork.node[54].generic.np,0,301,0,0,714
RandomWaypointMobility-SPD-B-64-20220108-21:42:24-30828,900,4,TARPNetwork.node[36].generic.np,0,913,0,0,102
RandomWaypointMobility-SPD-B-72-20220108-21:46:43-30828,900,12,TARPNetwork.node[19].generic.np,0,1528,0,0,161
RandomWaypointMobility-SPD-B-76-20220108-21:49:18-30828,900,16,TARPNetwork.node[8].generic.np,0,764,0,0,716
RandomWaypointMobility-SPD-B-64-20220108-21:42:24-30828,900,4,TARPNetwork.node[19].generic.np,0,887,0,0,138
RandomWaypointMobility-SPD-B-89-20220108-21:57:16-30828,900,29,TARPNetwork.node[36].generic.np,0,906,0,0,807
RandomWaypointMobility-SPD-B-85-20220108-21:54:59-30828,900,25,TARPNetwork.node[36].generic.np,0,1392,0,0,124
RandomWaypointMobility-SPD-B-87-20220108-21:56:09-30828,900,27,TARPNetwork.node[4].generic.np,0,938,0,0,828
RandomWaypointMobility-SPD-B-61-20220108-21:40:57-30828,900,1,TARPNetwork.node[4].generic.np,0,96,0,0,1375
RandomWaypointMobility-SPD-B-69-20220108-21:44:59-30828,900,9,TARPNetwork.node[44].generic.np,0,10,0,0,29
RandomWaypointMobility-SPD-B-89-20220108-21:57:16-30828,900,29,TARPNetwork.node[19].generic.np,0,100,0,0,7
RandomWaypointMobility-SPD-B-75-20220108-21:48:47-30828,900,15,TARPNetwork.node[35].generic.np,0,1619,0,0,51
RandomWaypointMobility-SPD-B-76-20220108-21:49:18-30828,900,16,TARPNetwork.node[54].generic.np,0,58,0,0,868
RandomWaypointMobility-SPD-B-75-20220108-21:48:47-30828,900,15,TARPNetwork.node[54].generic.np,0,73,0,0,55
RandomWaypointMobility-SPD-B-83-20220108-21:53:43-30828,900,23,TARPNetwork.node[4].generic.np,0,1629,0,0,69
RandomWaypointMobility-SPD-B-81-20220108-21:52:34-30828,900,21,TARPNetwork.node[44].generic.np,0,182,0,0,1
RandomWaypointMobility-SPD-B-64-20220108-21:42:24-30828,900,4,TARPNetwork.node[35].generic.np,NaN,NaN,NaN,NaN,0
RandomWaypointMobility-SPD-B-79-20220108-21:51:30-30828,900,19,TARPNetwork.node[36].generic.np,0,904,0,0,12
RandomWaypointMobility-SPD-B-70-20220108-21:45:39-30828,900,10,TARPNetwork.node[36].generic.np,0,722,0,0,15
RandomWaypointMobility-SPD-B-88-20220108-21:56:39-30828,900,28,TARPNetwork.node[36].generic.np,0,918,0,0,129
RandomWaypointMobility-SPD-B-70-20220108-21:45:39-30828,900,10,TARPNetwork.node[19].generic.np,0,165,0,0,654
RandomWaypointMobility-SPD-B-81-20220108-21:52:34-30828,900,21,TARPNetwork.node[12].generic.np,0,200,0,0,766
RandomWaypointMobility-SPD-B-64-20220108-21:42:24-30828,900,4,TARPNetwork.node[12].generic.np,0,861,0,0,135
RandomWaypointMobility-SPD-B-82-20220108-21:53:12-30828,900,22,TARPNetwork.node[19].generic.np,0,161,0,0,794
RandomWaypointMobility-SPD-B-61-20220108-21:40:57-30828,900,1,TARPNetwork.node[19].generic.np,0,1448,0,0,25
RandomWaypointMobility-SPD-B-78-20220108-21:50:40-30828,900,18,TARPNetwork.node[54].generic.np,0,863,0,0,199
RandomWaypointMobility-SPD-B-67-20220108-21:43:58-30828,900,7,TARPNetwork.node[36].generic.np,0,1027,0,0,18
RandomWaypointMobility-SPD-B-81-20220108-21:52:34-30828,900,21,TARPNetwork.node[4].generic.np,0,902,0,0,846
RandomWaypointMobility-SPD-B-62-20220108-21:41:21-30828,900,2,TARPNetwork.node[36].generic.np,0,934,0,0,75
RandomWaypointMobility-SPD-B-74-20220108-21:48:15-30828,900,14,TARPNetwork.node[18].generic.np,0,898,0,0,53
RandomWaypointMobility-SPD-B-74-20220108-21:48:15-30828,900,14,TARPNetwork.node[12].generic.np,0,925,0,0,5
RandomWaypointMobility-SPD-B-89-20220108-21:57:16-30828,900,29,TARPNetwork.node[12].generic.np,0,8,0,0,0
RandomWaypointMobility-SPD-B-87-20220108-21:56:09-30828,900,27,TARPNetwork.node[36].generic.np,0,1781,0,0,1
RandomWaypointMobility-SPD-B-85-20220108-21:54:59-30828,900,25,TARPNetwork.node[18].generic.np,0,1687,0,0,56
RandomWaypointMobility-SPD-B-63-20220108-21:41:50-30828,900,3,TARPNetwork.node[54].generic.np,0,925,0,0,34
RandomWaypointMobility-SPD-B-84-20220108-21:54:18-30828,900,24,TARPNetwork.node[4].generic.np,0,859,0,0,74
RandomWaypointMobility-SPD-B-76-20220108-21:49:18-30828,900,16,TARPNetwork.node[49].generic.np,0,317,0,0,677
RandomWaypointMobility-SPD-B-61-20220108-21:40:57-30828,900,1,TARPNetwork.node[43].generic.np,0,1460,0,0,11
RandomWaypointMobility-SPD-B-85-20220108-21:54:59-30828,900,25,TARPNetwork.node[43].generic.np,0,1652,0,0,117
RandomWaypointMobility-SPD-B-71-20220108-21:46:08-30828,900,11,TARPNetwork.node[18].generic.np,NaN,NaN,0,0,NaN
RandomWaypointMobility-SPD-B-61-20220108-21:40:57-30828,900,1,TARPNetwork.node[36].generic.np,0,167,0,0,1379
RandomWaypointMobility-SPD-B-86-20220108-21:55:49-30828,900,26,TARPNetwork.node[36].generic.np,0,112,0,0,11
RandomWaypointMobility-SPD-B-60-20220108-21:40:29-30828,900,0,TARPNetwork.node[4].generic.np,0,19,0,0,36
RandomWaypointMobility-SPD-B-60-20220108-21:40:29-30828,900,0,TARPNetwork.node[36].generic.np,0,699,0,0,78
RandomWaypointMobility-SPD-B-60-20220108-21:40:29-30828,900,0,TARPNetwork.node[54].generic.np,0,839,0,0,2
RandomWaypointMobility-SPD-B-73-20220108-21:47:31-30828,900,13,TARPNetwork.node[43].generic.np,0,216,0,0,1391
RandomWaypointMobility-SPD-B-63-20220108-21:41:50-30828,900,3,TARPNetwork.node[36].generic.np,0,1757,0,0,NaN
RandomWaypointMobility-SPD-B-81-20220108-21:52:34-30828,900,21,TARPNetwork.node[18].generic.np,0,330,0,0,NaN
RandomWaypointMobility-SPD-B-82-20220108-21:53:12-30828,900,22,TARPNetwork.node[13].generic.np,NaN,NaN,0,NaN,NaN
RandomWaypointMobility-SPD-B-75-20220108-21:48:47-30828,900,15,TARPNetwork.node[36].generic.np,0,50,0,0,0
RandomWaypointMobility-SPD-B-64-20220108-21:42:24-30828,900,4,TARPNetwork.node[21].generic.np,NaN,NaN,0,NaN,NaN
RandomWaypointMobility-SPD-B-64-20220108-21:42:24-30828,900,4,TARPNetwork.node[54].generic.np,0,822,0,0,138
RandomWaypointMobility-SPD-B-79-20220108-21:51:30-30828,900,19,TARPNetwork.node[54].generic.np,0,909,0,0,0
RandomWaypointMobility-SPD-B-82-20220108-21:53:12-30828,900,22,TARPNetwork.node[12].generic.np,0,167,0,0,66
RandomWaypointMobility-SPD-B-70-20220108-21:45:39-30828,900,10,TARPNetwork.node[18].generic.np,0,801,0,0,26
RandomWaypointMobility-SPD-B-66-20220108-21:43:22-30828,900,6,TARPNetwork.node[36].generic.np,0,733,0,0,277
RandomWaypointMobility-SPD-B-66-20220108-21:43:22-30828,900,6,TARPNetwork.node[12].generic.np,0,1695,0,0,84
RandomWaypointMobility-SPD-B-62-20220108-21:41:21-30828,900,2,TARPNetwork.node[54].generic.np,0,93,0,0,49
RandomWaypointMobility-SPD-B-75-20220108-21:48:47-30828,900,15,TARPNetwork.node[12].generic.np,0,117,0,0,660
RandomWaypointMobility-SPD-B-70-20220108-21:45:39-30828,900,10,TARPNetwork.node[43].generic.np,0,833,0,0,5
RandomWaypointMobility-SPD-B-85-20220108-21:54:59-30828,900,25,TARPNetwork.node[54].generic.np,0,1636,0,0,94
RandomWaypointMobility-SPD-B-82-20220108-21:53:12-30828,900,22,TARPNetwork.node[36].generic.np,0,735,0,0,119
RandomWaypointMobility-SPD-B-79-20220108-21:51:30-30828,900,19,TARPNetwork.node[18].generic.np,0,910,0,0,3
RandomWaypointMobility-SPD-B-73-20220108-21:47:31-30828,900,13,TARPNetwork.node[18].generic.np,0,191,0,0,1425
RandomWaypointMobility-SPD-B-82-20220108-21:53:12-30828,900,22,TARPNetwork.node[18].generic.np,0,117,0,0,845
RandomWaypointMobility-SPD-B-77-20220108-21:49:56-30828,900,17,TARPNetwork.node[43].generic.np,0,776,0,0,23
RandomWaypointMobility-SPD-B-77-20220108-21:49:56-30828,900,17,TARPNetwork.node[4].generic.np,0,683,0,0,128
RandomWaypointMobility-SPD-B-65-20220108-21:42:59-30828,900,5,TARPNetwork.node[36].generic.np,0,100,0,0,42
RandomWaypointMobility-SPD-B-67-20220108-21:43:58-30828,900,7,TARPNetwork.node[54].generic.np,0,767,0,0,151
RandomWaypointMobility-SPD-B-79-20220108-21:51:30-30828,900,19,TARPNetwork.node[43].generic.np,0,803,0,0,110
RandomWaypointMobility-SPD-B-74-20220108-21:48:15-30828,900,14,TARPNetwork.node[43].generic.np,0,105,0,0,62
RandomWaypointMobility-SPD-B-66-20220108-21:43:22-30828,900,6,TARPNetwork.node[18].generic.np,0,677,0,0,185
RandomWaypointMobility-SPD-B-76-20220108-21:49:18-30828,900,16,TARPNetwork.node[4].generic.np,0,1682,0,0,0
RandomWaypointMobility-SPD-B-81-20220108-21:52:34-30828,900,21,TARPNetwork.node[7].generic.np,0,341,0,0,48
RandomWaypointMobility-SPD-B-81-20220108-21:52:34-30828,900,21,TARPNetwork.node[43].generic.np,0,545,0,0,10
RandomWaypointMobility-SPD-B-80-20220108-21:52:09-30828,900,20,TARPNetwork.node[18].generic.np,0,1748,NaN,0,27
RandomWaypointMobility-SPD-B-69-20220108-21:44:59-30828,900,9,TARPNetwork.node[12].generic.np,0,1592,0,0,44
RandomWaypointMobility-SPD-B-88-20220108-21:56:39-30828,900,28,TARPNetwork.node[18].generic.np,0,931,0,0,46
RandomWaypointMobility-SPD-B-75-20220108-21:48:47-30828,900,15,TARPNetwork.node[18].generic.np,0,717,0,0,959
RandomWaypointMobility-SPD-B-80-20220108-21:52:09-30828,900,20,TARPNetwork.node[54].generic.np,0,284,0,0,0
RandomWaypointMobility-SPD-B-68-20220108-21:44:32-30828,900,8,TARPNetwork.node[36].generic.np,NaN,NaN,0,NaN,NaN
RandomWaypointMobility-SPD-B-65-20220108-21:42:59-30828,900,5,TARPNetwork.node[4].generic.np,0,70,0,0,54
RandomWaypointMobility-SPD-B-77-20220108-21:49:56-30828,900,17,TARPNetwork.node[36].generic.np,0,821,0,0,31
RandomWaypointMobility-SPD-B-78-20220108-21:50:40-30828,900,18,TARPNetwork.node[36].generic.np,0,1067,0,0,2
RandomWaypointMobility-SPD-B-71-20220108-21:46:08-30828,900,11,TARPNetwork.node[4].generic.np,0,760,0,0,20
RandomWaypointMobility-SPD-B-68-20220108-21:44:32-30828,900,8,TARPNetwork.node[18].generic.np,0,510,0,0,7
RandomWaypointMobility-SPD-B-73-20220108-21:47:31-30828,900,13,TARPNetwork.node[4].generic.np,0,1599,0,0,32
RandomWaypointMobility-SPD-B-88-20220108-21:56:39-30828,900,28,TARPNetwork.node[53].generic.np,0,40,0,0,76
RandomWaypointMobility-SPD-B-75-20220108-21:48:47-30828,900,15,TARPNetwork.node[4].generic.np,0,254,0,0,118
RandomWaypointMobility-SPD-B-69-20220108-21:44:59-30828,900,9,TARPNetwork.node[18].generic.np,0,161,0,0,1446
RandomWaypointMobility-SPD-B-71-20220108-21:46:08-30828,900,11,TARPNetwork.node[36].generic.np,0,688,0,0,116
RandomWaypointMobility-SPD-B-61-20220108-21:40:57-30828,900,1,TARPNetwork.node[18].generic.np,0,86,0,0,1381
RandomWaypointMobility-SPD-B-68-20220108-21:44:32-30828,900,8,TARPNetwork.node[12].generic.np,NaN,NaN,NaN,NaN,123
RandomWaypointMobility-SPD-B-89-20220108-21:57:16-30828,900,29,TARPNetwork.node[18].generic.np,0,106,0,0,NaN
RandomWaypointMobility-SPD-B-84-20220108-21:54:18-30828,900,24,TARPNetwork.node[36].generic.np,0,892,0,0,45
RandomWaypointMobility-SPD-B-86-20220108-21:55:49-30828,900,26,TARPNetwork.node[4].generic.np,0,77,0,0,0
RandomWaypointMobility-SPD-B-84-20220108-21:54:18-30828,900,24,TARPNetwork.node[18].generic.np,0,880,0,0,33
RandomWaypointMobility-SPD-B-64-20220108-21:42:24-30828,900,4,TARPNetwork.node[18].generic.np,NaN,NaN,NaN,NaN,149
RandomWaypointMobility-SPD-B-67-20220108-21:43:58-30828,900,7,TARPNetwork.node[13].generic.np,0,177,0,0,730
RandomWaypointMobility-SPD-B-81-20220108-21:52:34-30828,900,21,TARPNetwork.node[37].generic.np,0,705,0,0,59
RandomWaypointMobility-SPD-B-82-20220108-21:53:12-30828,900,22,TARPNetwork.node[53].generic.np,0,117,0,0,1519
RandomWaypointMobility-SPD-B-68-20220108-21:44:32-30828,900,8,TARPNetwork.node[53].generic.np,0,733,0,0,0
RandomWaypointMobility-SPD-B-88-20220108-21:56:39-30828,900,28,TARPNetwork.node[7].generic.np,0,926,0,0,14
RandomWaypointMobility-SPD-B-71-20220108-21:46:08-30828,900,11,TARPNetwork.node[53].generic.np,0,724,0,0,72
RandomWaypointMobility-SPD-B-67-20220108-21:43:58-30828,900,7,TARPNetwork.node[18].generic.np,0,870,0,0,851
RandomWaypointMobility-SPD-B-87-20220108-21:56:09-30828,900,27,TARPNetwork.node[18].generic.np,0,277,0,0,15
RandomWaypointMobility-SPD-B-77-20220108-21:49:56-30828,900,17,TARPNetwork.node[5].generic.np,0,1708,0,0,55
RandomWaypointMobility-SPD-B-63-20220108-21:41:50-30828,900,3,TARPNetwork.node[43].generic.np,0,699,0,0,151
RandomWaypointMobility-SPD-B-82-20220108-21:53:12-30828,900,22,TARPNetwork.node[7].generic.np,0,817,0,0,30
RandomWaypointMobility-SPD-B-81-20220108-21:52:34-30828,900,21,TARPNetwork.node[13].generic.np,0,151,0,0,8
RandomWaypointMobility-SPD-B-74-20220108-21:48:15-30828,900,14,TARPNetwork.node[53].generic.np,0,930,0,0,0
RandomWaypointMobility-SPD-B-89-20220108-21:57:16-30828,900,29,TARPNetwork.node[13].generic.np,0,1507,0,0,175
RandomWaypointMobility-SPD-B-83-20220108-21:53:43-30828,900,23,TARPNetwork.node[53].generic.np,0,268,0,0,25
RandomWaypointMobility-SPD-B-74-20220108-21:48:15-30828,900,14,TARPNetwork.node[37].generic.np,0,62,0,0,94
RandomWaypointMobility-SPD-B-72-20220108-21:46:43-30828,900,12,TARPNetwork.node[50].generic.np,0,1691,0,0,17
RandomWaypointMobility-SPD-B-63-20220108-21:41:50-30828,900,3,TARPNetwork.node[17].generic.np,4.0664335664336,0,858,900,0
RandomWaypointMobility-SPD-B-82-20220108-21:53:12-30828,900,22,TARPNetwork.node[17].generic.np,4.9319248826291,0,852,900,0
RandomWaypointMobility-SPD-B-64-20220108-21:42:24-30828,900,4,TARPNetwork.node[37].generic.np,0,772,0,0,27
RandomWaypointMobility-SPD-B-88-20220108-21:56:39-30828,900,28,TARPNetwork.node[37].generic.np,0,868,0,0,95
RandomWaypointMobility-SPD-B-76-20220108-21:49:18-30828,900,16,TARPNetwork.node[5].generic.np,0,1600,0,0,93
RandomWaypointMobility-SPD-B-60-20220108-21:40:29-30828,900,0,TARPNetwork.node[43].generic.np,0,118,0,0,NaN
RandomWaypointMobility-SPD-B-84-20220108-21:54:18-30828,900,24,TARPNetwork.node[37].generic.np,0,863,0,0,0
RandomWaypointMobility-SPD-B-62-20220108-21:41:21-30828,900,2,TARPNetwork.node[7].generic.np,0,931,0,0,20
RandomWaypointMobility-SPD-B-62-20220108-21:41:21-30828,900,2,TARPNetwork.node[53].generic.np,0,18,0,0,99
RandomWaypointMobility-SPD-B-65-20220108-21:42:59-30828,900,5,TARPNetwork.node[13].generic.np,0,184,0,0,263
RandomWaypointMobility-SPD-B-69-20220108-21:44:59-30828,900,9,TARPNetwork.node[37].generic.np,0,25,0,0,1569
RandomWaypointMobility-SPD-B-72-20220108-21:46:43-30828,900,12,TARPNetwork.node[18].generic.np,0,1597,0,0,NaN
RandomWaypointMobility-SPD-B-78-20220108-21:50:40-30828,900,18,TARPNetwork.node[4].generic.np,NaN,NaN,NaN,0,NaN
RandomWaypointMobility-SPD-B-86-20220108-21:55:49-30828,900,26,TARPNetwork.node[53].generic.np,0,1704,0,0,26
RandomWaypointMobility-SPD-B-84-20220108-21:54:18-30828,900,24,TARPNetwork.node[13].generic.np,0,899,0,0,NaN
RandomWaypointMobility-SPD-B-68-20220108-21:44:32-30828,900,8,TARPNetwork.node[37].generic.np,0,579,0,0,NaN
RandomWaypointMobility-SPD-B-89-20220108-21:57:16-30828,900,29,TARPNetwork.node[4].generic.np,0,456,0,0,1253
RandomWaypointMobility-SPD-B-74-20220108-21:48:15-30828,900,14,TARPNetwork.node[36].generic.np,0,102,0,0,84
RandomWaypointMobility-SPD-B-71-20220108-21:46:08-30828,900,11,TARPNetwork.node[12].generic.np,0,718,0,0,28
RandomWaypointMobility-SPD-B-65-20220108-21:42:59-30828,900,5,TARPNetwork.node[53].generic.np,0,244,0,0,883
RandomWaypointMobility-SPD-B-85-20220108-21:54:59-30828,900,25,TARPNetwork.node[13].generic.np,0,1596,0,0,92
RandomWaypointMobility-SPD-B-62-20220108-21:41:21-30828,900,2,TARPNetwork.node[18].generic.np,0,733,0,0,144
RandomWaypointMobility-SPD-B-74-20220108-21:48:15-30828,900,14,TARPNetwork.node[7].generic.np,NaN,963,0,0,30
RandomWaypointMobility-SPD-B-82-20220108-21:53:12-30828,900,22,TARPNetwork.node[50].generic.np,0,NaN,NaN,NaN,1479
RandomWaypointMobility-SPD-B-60-20220108-21:40:29-30828,900,0,TARPNetwork.node[18].generic.np,NaN,701,0,0,NaN
RandomWaypointMobility-SPD-B-68-20220108-21:44:32-30828,900,8,TARPNetwork.node[50].generic.np,0,712,0,0,233
RandomWaypointMobility-SPD-B-83-20220108-21:53:43-30828,900,23,TARPNetwork.node[18].generic.np,0,115,0,0,190
RandomWaypointMobility-SPD-B-73-20220108-21:47:31-30828,900,13,TARPNetwork.node[36].generic.np,0,103,0,0,111
RandomWaypointMobility-SPD-B-62-20220108-21:41:21-30828,900,2,TARPNetwork.node[50].generic.np,0,736,0,0,253
RandomWaypointMobility-SPD-B-68-20220108-21:44:32-30828,900,8,TARPNetwork.node[54].generic.np,0,893,0,0,492
RandomWaypointMobility-SPD-B-78-20220108-21:50:40-30828,900,18,TARPNetwork.node[18].generic.np,0,867,0,0,205
RandomWaypointMobility-SPD-B-88-20220108-21:56:39-30828,900,28,TARPNetwork.node[50].generic.np,0,832,0,0,71
RandomWaypointMobility-SPD-B-86-20220108-21:55:49-30828,900,26,TARPNetwork.node[13].generic.np,0,174,0,0,3
RandomWaypointMobility-SPD-B-75-20220108-21:48:47-30828,900,15,TARPNetwork.node[53].generic.np,0,730,0,0,930
RandomWaypointMobility-SPD-B-68-20220108-21:44:32-30828,900,8,TARPNetwork.node[4].generic.np,0,797,0,0,251
RandomWaypointMobility-SPD-B-64-20220108-21:42:24-30828,900,4,TARPNetwork.node[53].generic.np,0,57,0,0,55
RandomWaypointMobility-SPD-B-63-20220108-21:41:50-30828,900,3,TARPNetwork.node[37].generic.np,0,594,0,0,249
RandomWaypointMobility-SPD-B-85-20220108-21:54:59-30828,900,25,TARPNetwork.node[53].generic.np,0,1508,0,0,146
RandomWaypointMobility-SPD-B-75-20220108-21:48:47-30828,900,15,TARPNetwork.node[37].generic.np,0,1609,0,0,69
RandomWaypointMobility-SPD-B-65-20220108-21:42:59-30828,900,5,TARPNetwork.node[7].generic.np,0,199,0,0,1554
RandomWaypointMobility-SPD-B-79-20220108-21:51:30-30828,900,19,TARPNetwork.node[37].generic.np,0,911,0,0,5
RandomWaypointMobility-SPD-B-76-20220108-21:49:18-30828,900,16,TARPNetwork.node[18].generic.np,0,51,0,0,0
RandomWaypointMobility-SPD-B-60-20220108-21:40:29-30828,900,0,TARPNetwork.node[37].generic.np,0,785,0,0,44
RandomWaypointMobility-SPD-B-72-20220108-21:46:43-30828,900,12,TARPNetwork.node[53].generic.np,0,866,0,0,74
RandomWaypointMobility-SPD-B-71-20220108-21:46:08-30828,900,11,TARPNetwork.node[37].generic.np,0,760,0,0,72
RandomWaypointMobility-SPD-B-81-20220108-21:52:34-30828,900,21,TARPNetwork.node[53].generic.np,NaN,NaN,NaN,NaN,844
RandomWaypointMobility-SPD-B-87-20220108-21:56:09-30828,900,27,TARPNetwork.node[19].generic.np,0,1749,0,0,33
RandomWaypointMobility-SPD-B-69-20220108-21:44:59-30828,900,9,TARPNetwork.node[19].generic.np,0,844,0,0,3
RandomWaypointMobility-SPD-B-72-20220108-21:46:43-30828,900,12,TARPNetwork.node[36].generic.np,0,49,0,0,0
RandomWaypointMobility-SPD-B-86-20220108-21:55:49-30828,900,26,TARPNetwork.node[18].generic.np,0,61,0,0,59
RandomWaypointMobility-SPD-B-76-20220108-21:49:18-30828,900,16,TARPNetwork.node[37].generic.np,0,135,0,0,814
RandomWaypointMobility-SPD-B-67-20220108-21:43:58-30828,900,7,TARPNetwork.node[7].generic.np,0,766,0,0,135
RandomWaypointMobility-SPD-B-70-20220108-21:45:39-30828,900,10,TARPNetwork.node[8].generic.np,0,609,NaN,0,84
RandomWaypointMobility-SPD-B-89-20220108-21:57:16-30828,900,29,TARPNetwork.node[53].generic.np,0,8,0,0,14
RandomWaypointMobility-SPD-B-70-20220108-21:45:39-30828,900,10,TARPNetwork.node[53].generic.np,0,748,0,0,89
RandomWaypointMobility-SPD-B-81-20220108-21:52:34-30828,900,21,TARPNetwork.node[50].generic.np,0,149,0,0,11
RandomWaypointMobility-SPD-B-66-20220108-21:43:22-30828,900,6,TARPNetwork.node[13].generic.np,0,740,0,0,227
RandomWaypointMobility-SPD-B-67-20220108-21:43:58-30828,900,7,TARPNetwork.node[5].generic.np,0,821,0,0,10
RandomWaypointMobility-SPD-B-83-20220108-21:53:43-30828,900,23,TARPNetwork.node[37].generic.np,0,221,0,0,54
RandomWaypointMobility-SPD-B-73-20220108-21:47:31-30828,900,13,TARPNetwork.node[17].generic.np,7.91375,0,800,900,0
RandomWaypointMobility-SPD-B-81-20220108-21:52:34-30828,900,21,TARPNetwork.node[17].generic.np,4.8917050691244,0,868,900,0
RandomWaypointMobility-SPD-B-82-20220108-21:53:12-30828,900,22,TARPNetwork.node[37].generic.np,0,241,0,0,53
RandomWaypointMobility-SPD-B-66-20220108-21:43:22-30828,900,6,TARPNetwork.node[53].generic.np,0,1687,0,0,110
RandomWaypointMobility-SPD-B-72-20220108-21:46:43-30828,900,12,TARPNetwork.node[17].generic.np,7.8308641975309,0,810,900,0
RandomWaypointMobility-SPD-B-65-20220108-21:42:59-30828,900,5,TARPNetwork.node[37].generic.np,0,241,0,0,16
RandomWaypointMobility-SPD-B-79-20220108-21:51:30-30828,900,19,TARPNetwork.node[17].generic.np,6.7692307692308,0,13,900,0
RandomWaypointMobility-SPD-B-64-20220108-21:42:24-30828,900,4,TARPNetwork.node[43].generic.np,0,841,0,0,50
RandomWaypointMobility-SPD-B-74-20220108-21:48:15-30828,900,14,TARPNetwork.node[13].generic.np,0,909,0,0,59
RandomWaypointMobility-SPD-B-87-20220108-21:56:09-30828,900,27,TARPNetwork.node[5].generic.np,0,1724,0,0,46
RandomWaypointMobility-SPD-B-63-20220108-21:41:50-30828,900,3,TARPNetwork.node[5].generic.np,0,174,0,0,1571
RandomWaypointMobility-SPD-B-69-20220108-21:44:59-30828,900,9,TARPNetwork.node[53].generic.np,0,1594,0,0,NaN
RandomWaypointMobility-SPD-B-88-20220108-21:56:39-30828,900,28,TARPNetwork.node[13].generic.np,0,830,0,0,62
RandomWaypointMobility-SPD-B-60-20220108-21:40:29-30828,900,0,TARPNetwork.node[13].generic.np,0,801,0,0,80
RandomWaypointMobility-SPD-B-70-20220108-21:45:39-30828,900,10,TARPNetwork.node[50].generic.np,0,876,0,0,10
RandomWaypointMobility-SPD-B-80-20220108-21:52:09-30828,900,20,TARPNetwork.node[50].generic.np,NaN,993,0,0,NaN
RandomWaypointMobility-SPD-B-62-20220108-21:41:21-30828,900,2,TARPNetwork.node[37].generic.np,0,927,0,0,16
RandomWaypointMobility-SPD-B-63-20220108-21:41:50-30828,900,3,TARPNetwork.node[18].generic.np,0,1757,0,0,0
RandomWaypointMobility-SPD-B-75-20220108-21:48:47-30828,900,15,TARPNetwork.node[17].generic.np,8.6769964243147,0,839,900,0
RandomWaypointMobility-SPD-B-62-20220108-21:41:21-30828,900,2,TARPNetwork.node[39].generic.np,NaN,958,NaN,NaN,48
RandomWaypointMobility-SPD-B-66-20220108-21:43:22-30828,900,6,TARPNetwork.node[37].generic.np,0,190,0,0,755
RandomWaypointMobility-SPD-B-87-20220108-21:56:09-30828,900,27,TARPNetwork.node[13].generic.np,0,1782,0,0,0
RandomWaypointMobility-SPD-B-89-20220108-21:57:16-30828,900,29,TARPNetwork.node[38].generic.np,0,1542,0,0,88
RandomWaypointMobility-SPD-B-84-20220108-21:54:18-30828,900,24,TARPNetwork.node[50].generic.np,0,896,0,0,25
RandomWaypointMobility-SPD-B-71-20220108-21:46:08-30828,900,11,TARPNetwork.node[38].generic.np,0,697,0,0,105
RandomWaypointMobility-SPD-B-69-20220108-21:44:59-30828,900,9,TARPNetwork.node[38].generic.np,0,792,0,0,42
RandomWaypointMobility-SPD-B-89-20220108-21:57:16-30828,900,29,TARPNetwork.node[7].generic.np,0,11,0,0,27
RandomWaypointMobility-SPD-B-84-20220108-21:54:18-30828,900,24,TARPNetwork.node[5].generic.np,0,891,0,0,9
RandomWaypointMobility-SPD-B-70-20220108-21:45:39-30828,900,10,TARPNetwork.node[17].generic.np,2.3495518565941,0,781,900,0
RandomWaypointMobility-SPD-B-71-20220108-21:46:08-30828,900,11,TARPNetwork.node[13].generic.np,0,703,0,0,106
RandomWaypointMobility-SPD-B-78-20220108-21:50:40-30828,900,18,TARPNetwork.node[7].generic.np,0,1060,0,0,2
RandomWaypointMobility-SPD-B-84-20220108-21:54:18-30828,900,24,TARPNetwork.node[17].generic.np,3.4444444444444,0,54,900,0
RandomWaypointMobility-SPD-B-69-20220108-21:44:59-30828,900,9,TARPNetwork.node[13].generic.np,0,1581,0,0,62
RandomWaypointMobility-SPD-B-62-20220108-21:41:21-30828,900,2,TARPNetwork.node[43].generic.np,0,861,0,0,108
RandomWaypointMobility-SPD-B-66-20220108-21:43:22-30828,900,6,TARPNetwork.node[17].generic.np,2.9832775919732,0,897,900,0
RandomWaypointMobility-SPD-B-63-20220108-21:41:50-30828,900,3,TARPNetwork.node[50].generic.np,0,1520,0,0,206
RandomWaypointMobility-SPD-B-78-20220108-21:50:40-30828,900,18,TARPNetwork.node[17].generic.np,7.5402298850575,0,174,900,0
RandomWaypointMobility-SPD-B-77-20220108-21:49:56-30828,900,17,TARPNetwork.node[13].generic.np,0,779,0,0,80
RandomWaypointMobility-SPD-B-64-20220108-21:42:24-30828,900,4,TARPNetwork.node[13].generic.np,0,889,0,0,49
RandomWaypointMobility-SPD-B-80-20220108-21:52:09-30828,900,20,TARPNetwork.node[38].generic.np,0,156,0,0,28
RandomWaypointMobility-SPD-B-77-20220108-21:49:56-30828,900,17,TARPNetwork.node[17].generic.np,4.0888638920135,0,889,900,0
RandomWaypointMobility-SPD-B-65-20220108-21:42:59-30828,900,5,TARPNetwork.node[17].generic.np,2.12,0,875,900,0
RandomWaypointMobility-SPD-B-69-20220108-21:44:59-30828,900,9,TARPNetwork.node[43].generic.np,0,1575,0,0,29
RandomWaypointMobility-SPD-B-73-20220108-21:47:31-30828,900,13,TARPNetwork.node[38].generic.np,0,1599,0,0,130
RandomWaypointMobility-SPD-B-82-20220108-21:53:12-30828,900,22,TARPNetwork.node[38].generic.np,0,162,0,0,787
RandomWaypointMobility-SPD-B-89-20220108-21:57:16-30828,900,29,TARPNetwork.node[5].generic.np,0,230,0,0,8
RandomWaypointMobility-SPD-B-87-20220108-21:56:09-30828,900,27,TARPNetwork.node[53].generic.np,0,1752,0,0,27
RandomWaypointMobility-SPD-B-68-20220108-21:44:32-30828,900,8,TARPNetwork.node[17].generic.np,3.3736263736264,0,91,900,0
RandomWaypointMobility-SPD-B-72-20220108-21:46:43-30828,900,12,TARPNetwork.node[16].generic.np,0,911,0,0,795
RandomWaypointMobility-SPD-B-80-20220108-21:52:09-30828,900,20,TARPNetwork.node[17].generic.np,3.1098527746319,0,883,900,0
RandomWaypointMobility-SPD-B-89-20220108-21:57:16-30828,900,29,TARPNetwork.node[17].generic.np,3.0318021201413,0,849,900,0
RandomWaypointMobility-SPD-B-61-20220108-21:40:57-30828,900,1,TARPNetwork.node[17].generic.np,6.9764216366158,0,721,900,0
RandomWaypointMobility-SPD-B-84-20220108-21:54:18-30828,900,24,TARPNetwork.node[38].generic.np,0,884,0,0,65
RandomWaypointMobility-SPD-B-66-20220108-21:43:22-30828,900,6,TARPNetwork.node[38].generic.np,0,1785,0,0,11
RandomWaypointMobility-SPD-B-65-20220108-21:42:59-30828,900,5,TARPNetwork.node[5].generic.np,0,1655,0,0,91
RandomWaypointMobility-SPD-B-66-20220108-21:43:22-30828,900,6,TARPNetwork.node[5].generic.np,0,69,0,0,912
RandomWaypointMobility-SPD-B-83-20220108-21:53:43-30828,900,23,TARPNetwork.node[43].generic.np,0,1711,0,0,0
RandomWaypointMobility-SPD-B-76-20220108-21:49:18-30828,900,16,TARPNetwork.node[38].generic.np,0,930,0,0,95
RandomWaypointMobility-SPD-B-75-20220108-21:48:47-30828,900,15,TARPNetwork.node[38].generic.np,0,1607,0,0,52
RandomWaypointMobility-SPD-B-64-20220108-21:42:24-30828,900,4,TARPNetwork.node[38].generic.np,0,903,0,0,75
RandomWaypointMobility-SPD-B-72-20220108-21:46:43-30828,900,12,TARPNetwork.node[43].generic.np,NaN,NaN,NaN,NaN,0
RandomWaypointMobility-SPD-B-66-20220108-21:43:22-30828,900,6,TARPNetwork.node[43].generic.np,0,782,0,0,147
RandomWaypointMobility-SPD-B-67-20220108-21:43:58-30828,900,7,TARPNetwork.node[50].generic.np,0,170,0,0,753
RandomWaypointMobility-SPD-B-86-20220108-21:55:49-30828,900,26,TARPNetwork.node[38].generic.np,0,30,0,0,12
RandomWaypointMobility-SPD-B-67-20220108-21:43:58-30828,900,7,TARPNetwork.node[38].generic.np,0,846,0,0,190
RandomWaypointMobility-SPD-B-87-20220108-21:56:09-30828,900,27,TARPNetwork.node[16].generic.np,NaN,247,0,0,NaN
RandomWaypointMobility-SPD-B-62-20220108-21:41:21-30828,900,2,TARPNetwork.node[5].generic.np,0,842,0,0,146
RandomWaypointMobility-SPD-B-61-20220108-21:40:57-30828,900,1,TARPNetwork.node[52].generic.np,0,62,0,0,1
RandomWaypointMobility-SPD-B-69-20220108-21:44:59-30828,900,9,TARPNetwork.node[17].generic.np,5.8759213759214,0,814,900,0
RandomWaypointMobility-SPD-B-62-20220108-21:41:21-30828,900,2,TARPNetwork.node[13].generic.np,0,964,0,0,39
RandomWaypointMobility-SPD-B-65-20220108-21:42:59-30828,900,5,TARPNetwork.node[50].generic.np,0,115,0,0,1583
RandomWaypointMobility-SPD-B-63-20220108-21:41:50-30828,900,3,TARPNetwork.node[53].generic.np,0,1757,0,0,0
RandomWaypointMobility-SPD-B-70-20220108-21:45:39-30828,900,10,TARPNetwork.node[38].generic.np,0,718,0,0,109
RandomWaypointMobility-SPD-B-82-20220108-21:53:12-30828,900,22,TARPNetwork.node[5].generic.np,0,1675,0,0,72
RandomWaypointMobility-SPD-B-83-20220108-21:53:43-30828,900,23,TARPNetwork.node[7].generic.np,0,1627,0,0,29
RandomWaypointMobility-SPD-B-60-20220108-21:40:29-30828,900,0,TARPNetwork.node[38].generic.np,0,784,0,0,33
RandomWaypointMobility-SPD-B-60-20220108-21:40:29-30828,900,0,TARPNetwork.node[53].generic.np,0,50,0,0,0
RandomWaypointMobility-SPD-B-71-20220108-21:46:08-30828,900,11,TARPNetwork.node[16].generic.np,NaN,NaN,NaN,NaN,43
RandomWaypointMobility-SPD-B-78-20220108-21:50:40-30828,900,18,TARPNetwork.node[50].generic.np,0,977,NaN,0,96
RandomWaypointMobility-SPD-B-88-20220108-21:56:39-30828,900,28,TARPNetwork.node[17].generic.np,5,0,78,900,0
RandomWaypointMobility-SPD-B-74-20220108-21:48:15-30828,900,14,TARPNetwork.node[38].generic.np,0,997,0,0,10
RandomWaypointMobility-SPD-B-63-20220108-21:41:50-30828,900,3,TARPNetwork.node[38].generic.np,0,134,0,0,43
RandomWaypointMobility-SPD-B-65-20220108-21:42:59-30828,900,5,TARPNetwork.node[43].generic.np,0,231,0,0,914
RandomWaypointMobility-SPD-B-76-20220108-21:49:18-30828,900,16,TARPNetwork.node[16].generic.np,0,1682,0,0,0
RandomWaypointMobility-SPD-B-86-20220108-21:55:49-30828,900,26,TARPNetwork.node[5].generic.np,0,15,0,0,NaN
RandomWaypointMobility-SPD-B-78-20220108-21:50:40-30828,900,18,TARPNetwork.node[38].generic.np,0,NaN,NaN,NaN,209
RandomWaypointMobility-SPD-B-76-20220108-21:49:18-30828,900,16,TARPNetwork.node[41].generic.np,0,1366,0,0,319
RandomWaypointMobility-SPD-B-89-20220108-21:57:16-30828,900,29,TARPNetwork.node[41].generic.np,0,106,0,0,34
RandomWaypointMobility-SPD-B-77-20220108-21:49:56-30828,900,17,TARPNetwork.node[41].generic.np,0,1764,0,0,23
RandomWaypointMobility-SPD-B-82-20220108-21:53:12-30828,900,22,TARPNetwork.node[15].generic.np,0,861,0,0,23
RandomWaypointMobility-SPD-B-60-20220108-21:40:29-30828,900,0,TARPNetwork.node[41].generic.np,0,50,0,0,0
RandomWaypointMobility-SPD-B-75-20220108-21:48:47-30828,900,15,TARPNetwork.node[15].generic.np,0,834,0,0,855
RandomWaypointMobility-SPD-B-87-20220108-21:56:09-30828,900,27,TARPNetwork.node[41].generic.np,0,220,0,0,61
RandomWaypointMobility-SPD-B-61-20220108-21:40:57-30828,900,1,TARPNetwork.node[41].generic.np,0,93,0,0,7
RandomWaypointMobility-SPD-B-76-20220108-21:49:18-30828,900,16,TARPNetwork.node[15].generic.np,0,71,0,0,0
RandomWaypointMobility-SPD-B-87-20220108-21:56:09-30828,900,27,TARPNetwork.node[51].generic.np,0,120,0,0,22
RandomWaypointMobility-SPD-B-83-20220108-21:53:43-30828,900,23,TARPNetwork.node[15].generic.np,0,1604,0,0,67
RandomWaypointMobility-SPD-B-68-20220108-21:44:32-30828,900,8,TARPNetwork.node[14].generic.np,0,572,0,0,360
RandomWaypointMobility-SPD-B-87-20220108-21:56:09-30828,900,27,TARPNetwork.node[40].generic.np,0,300,0,0,1482
RandomWaypointMobility-SPD-B-84-20220108-21:54:18-30828,900,24,TARPNetwork.node[6].generic.np,0,950,0,0,3
RandomWaypointMobility-SPD-B-78-20220108-21:50:40-30828,900,18,TARPNetwork.node[40].generic.np,0,850,0,0,116
RandomWaypointMobility-SPD-B-79-20220108-21:51:30-30828,900,19,TARPNetwork.node[51].generic.np,0,800,0,0,109
RandomWaypointMobility-SPD-B-72-20220108-21:46:43-30828,900,12,TARPNetwork.node[15].generic.np,0,400,0,0,555
RandomWaypointMobility-SPD-B-60-20220108-21:40:29-30828,900,0,TARPNetwork.node[7].generic.np,0,779,0,0,47
RandomWaypointMobility-SPD-B-72-20220108-21:46:43-30828,900,12,TARPNetwork.node[7].generic.np,0,1692,0,0,35
RandomWaypointMobility-SPD-B-79-20220108-21:51:30-30828,900,19,TARPNetwork.node[41].generic.np,0,803,0,0,13
RandomWaypointMobility-SPD-B-77-20220108-21:49:56-30828,900,17,TARPNetwork.node[51].generic.np,0,704,0,0,186
RandomWaypointMobility-SPD-B-75-20220108-21:48:47-30828,900,15,TARPNetwork.node[14].generic.np,0,1634,0,0,76
RandomWaypointMobility-SPD-B-62-20220108-21:41:21-30828,900,2,TARPNetwork.node[6].generic.np,0,888,0,0,67
RandomWaypointMobility-SPD-B-85-20220108-21:54:59-30828,900,25,TARPNetwork.node[51].generic.np,0,1405,0,0,54
RandomWaypointMobility-SPD-B-81-20220108-21:52:34-30828,900,21,TARPNetwork.node[41].generic.np,0,367,0,0,608
RandomWaypointMobility-SPD-B-67-20220108-21:43:58-30828,900,7,TARPNetwork.node[14].generic.np,0,865,0,0,40
RandomWaypointMobility-SPD-B-78-20220108-21:50:40-30828,900,18,TARPNetwork.node[15].generic.np,0,1042,0,0,12
RandomWaypointMobility-SPD-B-74-20220108-21:48:15-30828,900,14,TARPNetwork.node[42].generic.np,0,118,0,0,70
RandomWaypointMobility-SPD-B-86-20220108-21:55:49-30828,900,26,TARPNetwork.node[14].generic.np,0,1635,0,0,107
RandomWaypointMobility-SPD-B-65-20220108-21:42:59-30828,900,5,TARPNetwork.node[42].generic.np,0,106,0,0,77
RandomWaypointMobility-SPD-B-70-20220108-21:45:39-30828,900,10,TARPNetwork.node[6].generic.np,0,713,0,0,118
RandomWaypointMobility-SPD-B-66-20220108-21:43:22-30828,900,6,TARPNetwork.node[50].generic.np,0,1578,0,0,160
RandomWaypointMobility-SPD-B-73-20220108-21:47:31-30828,900,13,TARPNetwork.node[15].generic.np,0,104,0,0,120
RandomWaypointMobility-SPD-B-78-20220108-21:50:40-30828,900,18,TARPNetwork.node[14].generic.np,0,813,0,0,161
RandomWaypointMobility-SPD-B-85-20220108-21:54:59-30828,900,25,TARPNetwork.node[41].generic.np,0,1598,0,0,102
RandomWaypointMobility-SPD-B-79-20220108-21:51:30-30828,900,19,TARPNetwork.node[15].generic.np,0,832,0,0,19
RandomWaypointMobility-SPD-B-63-20220108-21:41:50-30828,900,3,TARPNetwork.node[42].generic.np,0,110,0,0,20
RandomWaypointMobility-SPD-B-70-20220108-21:45:39-30828,900,10,TARPNetwork.node[7].generic.np,0,1578,0,0,16
RandomWaypointMobility-SPD-B-67-20220108-21:43:58-30828,900,7,TARPNetwork.node[41].generic.np,0,790,0,0,0
RandomWaypointMobility-SPD-B-85-20220108-21:54:59-30828,900,25,TARPNetwork.node[40].generic.np,0,1486,0,0,208
RandomWaypointMobility-SPD-B-84-20220108-21:54:18-30828,900,24,TARPNetwork.node[7].generic.np,0,899,0,0,5
RandomWaypointMobility-SPD-B-76-20220108-21:49:18-30828,900,16,TARPNetwork.node[42].generic.np,0,994,0,0,688
RandomWaypointMobility-SPD-B-81-20220108-21:52:34-30828,900,21,TARPNetwork.node[40].generic.np,0,107,0,0,48
RandomWaypointMobility-SPD-B-70-20220108-21:45:39-30828,900,10,TARPNetwork.node[40].generic.np,0,859,0,0,32
RandomWaypointMobility-SPD-B-76-20220108-21:49:18-30828,900,16,TARPNetwork.node[6].generic.np,0,359,0,0,0
RandomWaypointMobility-SPD-B-89-20220108-21:57:16-30828,900,29,TARPNetwork.node[51].generic.np,0,14,0,0,0
RandomWaypointMobility-SPD-B-61-20220108-21:40:57-30828,900,1,TARPNetwork.node[15].generic.np,0,87,0,0,4
RandomWaypointMobility-SPD-B-60-20220108-21:40:29-30828,900,0,TARPNetwork.node[51].generic.np,0,824,0,0,102
RandomWaypointMobility-SPD-B-60-20220108-21:40:29-30828,900,0,TARPNetwork.node[42].generic.np,0,784,0,0,40
RandomWaypointMobility-SPD-B-80-20220108-21:52:09-30828,900,20,TARPNetwork.node[14].generic.np,0,977,0,0,809
RandomWaypointMobility-SPD-B-71-20220108-21:46:08-30828,900,11,TARPNetwork.node[41].generic.np,0,733,0,0,109
RandomWaypointMobility-SPD-B-74-20220108-21:48:15-30828,900,14,TARPNetwork.node[14].generic.np,0,766,0,0,86
RandomWaypointMobility-SPD-B-76-20220108-21:49:18-30828,900,16,TARPNetwork.node[7].generic.np,0,905,0,0,800
RandomWaypointMobility-SPD-B-66-20220108-21:43:22-30828,900,6,TARPNetwork.node[41].generic.np,0,1796,0,0,0
RandomWaypointMobility-SPD-B-88-20220108-21:56:39-30828,900,28,TARPNetwork.node[6].generic.np,0,905,0,0,146
RandomWaypointMobility-SPD-B-63-20220108-21:41:50-30828,900,3,TARPNetwork.node[14].generic.np,0,661,0,0,138
RandomWaypointMobility-SPD-B-67-20220108-21:43:58-30828,900,7,TARPNetwork.node[6].generic.np,0,799,0,0,37
RandomWaypointMobility-SPD-B-64-20220108-21:42:24-30828,900,4,TARPNetwork.node[51].generic.np,0,778,0,0,49
RandomWaypointMobility-SPD-B-72-20220108-21:46:43-30828,900,12,TARPNetwork.node[6].generic.np,0,1624,0,0,81
RandomWaypointMobility-SPD-B-84-20220108-21:54:18-30828,900,24,TARPNetwork.node[51].generic.np,0,859,0,0,47
RandomWaypointMobility-SPD-B-71-20220108-21:46:08-30828,900,11,TARPNetwork.node[14].generic.np,0,936,0,0,8
RandomWaypointMobility-SPD-B-74-20220108-21:48:15-30828,900,14,TARPNetwork.node[41].generic.np,0,868,0,0,61
RandomWaypointMobility-SPD-B-70-20220108-21:45:39-30828,900,10,TARPNetwork.node[14].generic.np,0,866,0,0,10
RandomWaypointMobility-SPD-B-61-20220108-21:40:57-30828,900,1,TARPNetwork.node[14].generic.np,0,1463,0,0,0
RandomWaypointMobility-SPD-B-80-20220108-21:52:09-30828,900,20,TARPNetwork.node[51].generic.np,0,286,0,0,710
RandomWaypointMobility-SPD-B-82-20220108-21:53:12-30828,900,22,TARPNetwork.node[51].generic.np,0,210,0,0,650
RandomWaypointMobility-SPD-B-78-20220108-21:50:40-30828,900,18,TARPNetwork.node[41].generic.np,0,974,0,0,95
RandomWaypointMobility-SPD-B-60-20220108-21:40:29-30828,900,0,TARPNetwork.node[6].generic.np,0,821,0,0,88
RandomWaypointMobility-SPD-B-77-20220108-21:49:56-30828,900,17,TARPNetwork.node[6].generic.np,0,308,0,0,686
RandomWaypointMobility-SPD-B-68-20220108-21:44:32-30828,900,8,TARPNetwork.node[38].generic.np,0,820,0,0,59
RandomWaypointMobility-SPD-B-86-20220108-21:55:49-30828,900,26,TARPNetwork.node[16].generic.np,0,107,0,0,134
RandomWaypointMobility-SPD-B-67-20220108-21:43:58-30828,900,7,TARPNetwork.node[42].generic.np,0,872,0,NaN,115
RandomWaypointMobility-SPD-B-85-20220108-21:54:59-30828,900,25,TARPNetwork.node[16].generic.np,0,1497,0,0,151
RandomWaypointMobility-SPD-B-88-20220108-21:56:39-30828,900,28,TARPNetwork.node[16].generic.np,NaN,NaN,0,0,NaN
RandomWaypointMobility-SPD-B-73-20220108-21:47:31-30828,900,13,TARPNetwork.node[52].generic.np,0,89,0,0,NaN
RandomWaypointMobility-SPD-B-77-20220108-21:49:56-30828,900,17,TARPNetwork.node[39].generic.np,0,82,0,0,80
RandomWaypointMobility-SPD-B-87-20220108-21:56:09-30828,900,27,TARPNetwork.node[39].generic.np,0,268,NaN,0,42
RandomWaypointMobility-SPD-B-78-20220108-21:50:40-30828,900,18,TARPNetwork.node[42].generic.np,0,77,0,0,7
RandomWaypointMobility-SPD-B-83-20220108-21:53:43-30828,900,23,TARPNetwork.node[16].generic.np,0,195,0,0,42
RandomWaypointMobility-SPD-B-61-20220108-21:40:57-30828,900,1,TARPNetwork.node[39].generic.np,0,1549,0,0,0
RandomWaypointMobility-SPD-B-67-20220108-21:43:58-30828,900,7,TARPNetwork.node[52].generic.np,0,805,0,0,33
RandomWaypointMobility-SPD-B-74-20220108-21:48:15-30828,900,14,TARPNetwork.node[5].generic.np,0,905,0,0,72
RandomWaypointMobility-SPD-B-71-20220108-21:46:08-30828,900,11,TARPNetwork.node[39].generic.np,0,782,0,0,52
RandomWaypointMobility-SPD-B-78-20220108-21:50:40-30828,900,18,TARPNetwork.node[52].generic.np,0,1069,0,0,0
RandomWaypointMobility-SPD-B-78-20220108-21:50:40-30828,900,18,TARPNetwork.node[16].generic.np,NaN,NaN,NaN,NaN,132
RandomWaypointMobility-SPD-B-79-20220108-21:51:30-30828,900,19,TARPNetwork.node[13].generic.np,0,902,0,0,69
RandomWaypointMobility-SPD-B-73-20220108-21:47:31-30828,900,13,TARPNetwork.node[13].generic.np,0,1656,0,0,32
RandomWaypointMobility-SPD-B-85-20220108-21:54:59-30828,900,25,TARPNetwork.node[39].generic.np,0,1706,0,0,55
RandomWaypointMobility-SPD-B-83-20220108-21:53:43-30828,900,23,TARPNetwork.node[50].generic.np,NaN,268,0,0,NaN
RandomWaypointMobility-SPD-B-68-20220108-21:44:32-30828,900,8,TARPNetwork.node[39].generic.np,NaN,NaN,NaN,NaN,13
RandomWaypointMobility-SPD-B-64-20220108-21:42:24-30828,900,4,TARPNetwork.node[39].generic.np,NaN,NaN,NaN,NaN,89
RandomWaypointMobility-SPD-B-84-20220108-21:54:18-30828,900,24,TARPNetwork.node[39].generic.np,NaN,NaN,0,0,NaN
RandomWaypointMobility-SPD-B-79-20220108-21:51:30-30828,900,19,TARPNetwork.node[16].generic.np,NaN,717,0,0,196
RandomWaypointMobility-SPD-B-73-20220108-21:47:31-30828,900,13,TARPNetwork.node[50].generic.np,0,1666,0,0,65
RandomWaypointMobility-SPD-B-85-20220108-21:54:59-30828,900,25,TARPNetwork.node[17].generic.np,5.6939010356732,0,869,900,0
RandomWaypointMobility-SPD-B-63-20220108-21:41:50-30828,900,3,TARPNetwork.node[13].generic.np,0,1775,0,0,0
RandomWaypointMobility-SPD-B-65-20220108-21:42:59-30828,900,5,TARPNetwork.node[38].generic.np,0,199,0,0,0
RandomWaypointMobility-SPD-B-64-20220108-21:42:24-30828,900,4,TARPNetwork.node[17].generic.np,3.1307692307692,0,130,900,0
RandomWaypointMobility-SPD-B-88-20220108-21:56:39-30828,900,28,TARPNetwork.node[38].generic.np,0,904,0,0,62
RandomWaypointMobility-SPD-B-76-20220108-21:49:18-30828,900,16,TARPNetwork.node[17].generic.np,6.6658536585366,0,820,900,0
RandomWaypointMobility-SPD-B-73-20220108-21:47:31-30828,900,13,TARPNetwork.node[53].generic.np,0,1494,0,0,174
RandomWaypointMobility-SPD-B-76-20220108-21:49:18-30828,900,16,TARPNetwork.node[53].generic.np,0,1623,0,0,61
RandomWaypointMobility-SPD-B-75-20220108-21:48:47-30828,900,15,TARPNetwork.node[43].generic.np,0,149,0,0,65
RandomWaypointMobility-SPD-B-78-20220108-21:50:40-30828,900,18,TARPNetwork.node[43].generic.np,0,919,0,0,152
RandomWaypointMobility-SPD-B-87-20220108-21:56:09-30828,900,27,TARPNetwork.node[37].generic.np,0,149,0,0,146
RandomWaypointMobility-SPD-B-83-20220108-21:53:43-30828,900,23,TARPNetwork.node[17].generic.np,4.0048076923077,0,832,900,0
RandomWaypointMobility-SPD-B-83-20220108-21:53:43-30828,900,23,TARPNetwork.node[5].generic.np,0,115,0,0,14
RandomWaypointMobility-SPD-B-89-20220108-21:57:16-30828,900,29,TARPNetwork.node[42].generic.np,0,1718,0,0,0
RandomWaypointMobility-SPD-B-68-20220108-21:44:32-30828,900,8,TARPNetwork.node[16].generic.np,0,838,0,0,110
RandomWaypointMobility-SPD-B-68-20220108-21:44:32-30828,900,8,TARPNetwork.node[42].generic.np,0,373,0,0,52
RandomWaypointMobility-SPD-B-68-20220108-21:44:32-30828,900,8,TARPNetwork.node[5].generic.np,0,508,0,0,43
RandomWaypointMobility-SPD-B-67-20220108-21:43:58-30828,900,7,TARPNetwork.node[39].generic.np,0,833,0,0,41
RandomWaypointMobility-SPD-B-70-20220108-21:45:39-30828,900,10,TARPNetwork.node[39].generic.np,0,818,0,0,33
RandomWaypointMobility-SPD-B-86-20220108-21:55:49-30828,900,26,TARPNetwork.node[39].generic.np,0,112,0,0,759
RandomWaypointMobility-SPD-B-63-20220108-21:41:50-30828,900,3,TARPNetwork.node[39].generic.np,0,1727,0,0,16
RandomWaypointMobility-SPD-B-86-20220108-21:55:49-30828,900,26,TARPNetwork.node[42].generic.np,0,30,0,0,53
RandomWaypointMobility-SPD-B-75-20220108-21:48:47-30828,900,15,TARPNetwork.node[39].generic.np,0,1672,0,0,23
RandomWaypointMobility-SPD-B-65-20220108-21:42:59-30828,900,5,TARPNetwork.node[52].generic.np,0,80,0,0,51
RandomWaypointMobility-SPD-B-72-20220108-21:46:43-30828,900,12,TARPNetwork.node[52].generic.np,0,1624,0,0,80
RandomWaypointMobility-SPD-B-75-20220108-21:48:47-30828,900,15,TARPNetwork.node[6].generic.np,NaN,1636,0,0,NaN
RandomWaypointMobility-SPD-B-66-20220108-21:43:22-30828,900,6,TARPNetwork.node[39].generic.np,0,601,0,0,148
RandomWaypointMobility-SPD-B-71-20220108-21:46:08-30828,900,11,TARPNetwork.node[52].generic.np,NaN,NaN,NaN,NaN,108
RandomWaypointMobility-SPD-B-66-20220108-21:43:22-30828,900,6,TARPNetwork.node[52].generic.np,0,636,0,0,126
RandomWaypointMobility-SPD-B-89-20220108-21:57:16-30828,900,29,TARPNetwork.node[6].generic.np,0,164,0,0,77
RandomWaypointMobility-SPD-B-60-20220108-21:40:29-30828,900,0,TARPNetwork.node[39].generic.np,0,829,0,0,64
RandomWaypointMobility-SPD-B-70-20220108-21:45:39-30828,900,10,TARPNetwork.node[52].generic.np,0,113,0,0,51
RandomWaypointMobility-SPD-B-76-20220108-21:49:18-30828,900,16,TARPNetwork.node[39].generic.np,NaN,NaN,0,0,NaN
RandomWaypointMobility-SPD-B-89-20220108-21:57:16-30828,900,29,TARPNetwork.node[39].generic.np,0,159,0,0,12
RandomWaypointMobility-SPD-B-86-20220108-21:55:49-30828,900,26,TARPNetwork.node[7].generic.np,NaN,NaN,NaN,0,NaN
RandomWaypointMobility-SPD-B-86-20220108-21:55:49-30828,900,26,TARPNetwork.node[52].generic.np,0,109,NaN,NaN,53
RandomWaypointMobility-SPD-B-69-20220108-21:44:59-30828,900,9,TARPNetwork.node[3].generic.np,0,809,0,0,31
RandomWaypointMobility-SPD-B-69-20220108-21:44:59-30828,900,9,TARPNetwork.node[6].generic.np,0,801,0,0,23
RandomWaypointMobility-SPD-B-83-20220108-21:53:43-30828,900,23,TARPNetwork.node[13].generic.np,0,218,0,0,50
RandomWaypointMobility-SPD-B-85-20220108-21:54:59-30828,900,25,TARPNetwork.node[5].generic.np,0,1513,0,0,189
RandomWaypointMobility-SPD-B-77-20220108-21:49:56-30828,900,17,TARPNetwork.node[50].generic.np,0,884,0,0,110
RandomWaypointMobility-SPD-B-68-20220108-21:44:32-30828,900,8,TARPNetwork.node[52].generic.np,NaN,NaN,NaN,NaN,124
RandomWaypointMobility-SPD-B-74-20220108-21:48:15-30828,900,14,TARPNetwork.node[39].generic.np,0,941,0,0,26
RandomWaypointMobility-SPD-B-69-20220108-21:44:59-30828,900,9,TARPNetwork.node[39].generic.np,NaN,NaN,0,0,NaN
RandomWaypointMobility-SPD-B-89-20220108-21:57:16-30828,900,29,TARPNetwork.node[50].generic.np,0,86,NaN,NaN,61
RandomWaypointMobility-SPD-B-88-20220108-21:56:39-30828,900,28,TARPNetwork.node[39].generic.np,NaN,NaN,0,NaN,NaN
RandomWaypointMobility-SPD-B-76-20220108-21:49:18-30828,900,16,TARPNetwork.node[13].generic.np,NaN,NaN,0,0,872
RandomWaypointMobility-SPD-B-76-20220108-21:49:18-30828,900,16,TARPNetwork.node[52].generic.np,0,172,0,0,682
RandomWaypointMobility-SPD-B-62-20220108-21:41:21-30828,900,2,TARPNetwork.node[52].generic.np,0,835,0,0,17
RandomWaypointMobility-SPD-B-84-20220108-21:54:18-30828,900,24,TARPNetwork.node[43].generic.np,0,915,0,0,35
RandomWaypointMobility-SPD-B-80-20220108-21:52:09-30828,900,20,TARPNetwork.node[52].generic.np,0,397,0,0,612
RandomWaypointMobility-SPD-B-70-20220108-21:45:39-30828,900,10,TARPNetwork.node[37].generic.np,0,102,0,0,74
RandomWaypointMobility-SPD-B-67-20220108-21:43:58-30828,900,7,TARPNetwork.node[43].generic.np,NaN,129,0,0,NaN
RandomWaypointMobility-SPD-B-89-20220108-21:57:16-30828,900,29,TARPNetwork.node[43].generic.np,0,298,0,0,1420
RandomWaypointMobility-SPD-B-80-20220108-21:52:09-30828,900,20,TARPNetwork.node[37].generic.np,0,273,0,0,11
RandomWaypointMobility-SPD-B-77-20220108-21:49:56-30828,900,17,TARPNetwork.node[37].generic.np,0,165,0,0,70
RandomWaypointMobility-SPD-B-61-20220108-21:40:57-30828,900,1,TARPNetwork.node[53].generic.np,0,1581,0,0,0
RandomWaypointMobility-SPD-B-77-20220108-21:49:56-30828,900,17,TARPNetwork.node[53].generic.np,0,767,0,0,81
RandomWaypointMobility-SPD-B-73-20220108-21:47:31-30828,900,13,TARPNetwork.node[5].generic.np,0,1600,0,0,94
RandomWaypointMobility-SPD-B-86-20220108-21:55:49-30828,900,26,TARPNetwork.node[43].generic.np,0,47,0,0,130
RandomWaypointMobility-SPD-B-78-20220108-21:50:40-30828,900,18,TARPNetwork.node[53].generic.np,0,908,0,0,162
RandomWaypointMobility-SPD-B-88-20220108-21:56:39-30828,900,28,TARPNetwork.node[5].generic.np,0,974,0,0,3
RandomWaypointMobility-SPD-B-60-20220108-21:40:29-30828,900,0,TARPNetwork.node[50].generic.np,0,794,0,0,141
RandomWaypointMobility-SPD-B-67-20220108-21:43:58-30828,900,7,TARPNetwork.node[17].generic.np,3.4553571428571,0,112,900,0
RandomWaypointMobility-SPD-B-74-20220108-21:48:15-30828,900,14,TARPNetwork.node[17].generic.np,3.7592592592593,0,108,900,0
RandomWaypointMobility-SPD-B-86-20220108-21:55:49-30828,900,26,TARPNetwork.node[37].generic.np,0,1673,0,0,74
RandomWaypointMobility-SPD-B-80-20220108-21:52:09-30828,900,20,TARPNetwork.node[53].generic.np,0,164,0,0,94
RandomWaypointMobility-SPD-B-74-20220108-21:48:15-30828,900,14,TARPNetwork.node[50].generic.np,0,926,0,0,41
RandomWaypointMobility-SPD-B-60-20220108-21:40:29-30828,900,0,TARPNetwork.node[17].generic.np,3.5512820512821,0,78,900,0
RandomWaypointMobility-SPD-B-67-20220108-21:43:58-30828,900,7,TARPNetwork.node[53].generic.np,0,877,0,0,96
RandomWaypointMobility-SPD-B-89-20220108-21:57:16-30828,900,29,TARPNetwork.node[37].generic.np,0,222,0,0,800
RandomWaypointMobility-SPD-B-87-20220108-21:56:09-30828,900,27,TARPNetwork.node[17].generic.np,4.9864099660249,0,883,900,0
RandomWaypointMobility-SPD-B-71-20220108-21:46:08-30828,900,11,TARPNetwork.node[17].generic.np,3.25,0,52,900,0
RandomWaypointMobility-SPD-B-61-20220108-21:40:57-30828,900,1,TARPNetwork.node[37].generic.np,0,41,0,0,50
RandomWaypointMobility-SPD-B-67-20220108-21:43:58-30828,900,7,TARPNetwork.node[37].generic.np,0,840,0,0,0
RandomWaypointMobility-SPD-B-87-20220108-21:56:09-30828,900,27,TARPNetwork.node[38].generic.np,0,269,0,0,698
RandomWaypointMobility-SPD-B-82-20220108-21:53:12-30828,900,22,TARPNetwork.node[43].generic.np,0,262,0,0,59
RandomWaypointMobility-SPD-B-61-20220108-21:40:57-30828,900,1,TARPNetwork.node[38].generic.np,0,68,0,0,107
RandomWaypointMobility-SPD-B-79-20220108-21:51:30-30828,900,19,TARPNetwork.node[53].generic.np,0,909,0,0,0
RandomWaypointMobility-SPD-B-77-20220108-21:49:56-30828,900,17,TARPNetwork.node[38].generic.np,0,1768,0,0,17
RandomWaypointMobility-SPD-B-84-20220108-21:54:18-30828,900,24,TARPNetwork.node[53].generic.np,0,935,0,0,10
RandomWaypointMobility-SPD-B-80-20220108-21:52:09-30828,900,20,TARPNetwork.node[43].generic.np,0,319,0,0,666
RandomWaypointMobility-SPD-B-81-20220108-21:52:34-30828,900,21,TARPNetwork.node[38].generic.np,0,112,0,0,1627
RandomWaypointMobility-SPD-B-86-20220108-21:55:49-30828,900,26,TARPNetwork.node[17].generic.np,3.017793594306,0,843,900,0
RandomWaypointMobility-SPD-B-62-20220108-21:41:21-30828,900,2,TARPNetwork.node[17].generic.np,3.9705882352941,0,102,900,0
RandomWaypointMobility-SPD-B-85-20220108-21:54:59-30828,900,25,TARPNetwork.node[37].generic.np,0,808,0,0,95
RandomWaypointMobility-SPD-B-68-20220108-21:44:32-30828,900,8,TARPNetwork.node[13].generic.np,0,620,0,0,534
RandomWaypointMobility-SPD-B-83-20220108-21:53:43-30828,900,23,TARPNetwork.node[38].generic.np,0,165,0,0,194
RandomWaypointMobility-SPD-B-72-20220108-21:46:43-30828,900,12,TARPNetwork.node[38].generic.np,0,73,0,0,18
RandomWaypointMobility-SPD-B-67-20220108-21:43:58-30828,900,7,TARPNetwork.node[51].generic.np,0,883,0,0,22
RandomWaypointMobility-SPD-B-73-20220108-21:47:31-30828,900,13,TARPNetwork.node[40].generic.np,0,1672,0,0,33
RandomWaypointMobility-SPD-B-82-20220108-21:53:12-30828,900,22,TARPNetwork.node[42].generic.np,0,1688,0,0,52
RandomWaypointMobility-SPD-B-77-20220108-21:49:56-30828,900,17,TARPNetwork.node[40].generic.np,0,1688,0,0,80
RandomWaypointMobility-SPD-B-76-20220108-21:49:18-30828,900,16,TARPNetwork.node[14].generic.np,0,311,0,0,104
RandomWaypointMobility-SPD-B-65-20220108-21:42:59-30828,900,5,TARPNetwork.node[40].generic.np,0,216,0,0,696
RandomWaypointMobility-SPD-B-69-20220108-21:44:59-30828,900,9,TARPNetwork.node[50].generic.np,0,840,0,0,7
RandomWaypointMobility-SPD-B-66-20220108-21:43:22-30828,900,6,TARPNetwork.node[15].generic.np,0,40,0,0,293
RandomWaypointMobility-SPD-B-81-20220108-21:52:34-30828,900,21,TARPNetwork.node[6].generic.np,0,345,0,0,820
RandomWaypointMobility-SPD-B-65-20220108-21:42:59-30828,900,5,TARPNetwork.node[51].generic.np,0,859,0,0,110
RandomWaypointMobility-SPD-B-64-20220108-21:42:24-30828,900,4,TARPNetwork.node[40].generic.np,0,926,0,0,55
RandomWaypointMobility-SPD-B-85-20220108-21:54:59-30828,900,25,TARPNetwork.node[14].generic.np,0,1743,0,0,20
RandomWaypointMobility-SPD-B-83-20220108-21:53:43-30828,900,23,TARPNetwork.node[40].generic.np,0,208,0,0,64
RandomWaypointMobility-SPD-B-84-20220108-21:54:18-30828,900,24,TARPNetwork.node[40].generic.np,0,899,0,0,25
RandomWaypointMobility-SPD-B-62-20220108-21:41:21-30828,900,2,TARPNetwork.node[15].generic.np,0,778,0,0,39
RandomWaypointMobility-SPD-B-88-20220108-21:56:39-30828,900,28,TARPNetwork.node[40].generic.np,0,977,0,0,0
RandomWaypointMobility-SPD-B-79-20220108-21:51:30-30828,900,19,TARPNetwork.node[14].generic.np,0,799,0,0,112
RandomWaypointMobility-SPD-B-87-20220108-21:56:09-30828,900,27,TARPNetwork.node[52].generic.np,0,187,0,0,44
RandomWaypointMobility-SPD-B-63-20220108-21:41:50-30828,900,3,TARPNetwork.node[40].generic.np,0,819,0,0,211
RandomWaypointMobility-SPD-B-74-20220108-21:48:15-30828,900,14,TARPNetwork.node[51].generic.np,0,929,0,0,62
RandomWaypointMobility-SPD-B-85-20220108-21:54:59-30828,900,25,TARPNetwork.node[7].generic.np,0,1598,0,0,87
RandomWaypointMobility-SPD-B-62-20220108-21:41:21-30828,900,2,TARPNetwork.node[40].generic.np,0,907,0,0,64
RandomWaypointMobility-SPD-B-86-20220108-21:55:49-30828,900,26,TARPNetwork.node[40].generic.np,0,257,0,0,1511
RandomWaypointMobility-SPD-B-74-20220108-21:48:15-30828,900,14,TARPNetwork.node[40].generic.np,0,815,0,0,68
RandomWaypointMobility-SPD-B-87-20220108-21:56:09-30828,900,27,TARPNetwork.node[6].generic.np,0,208,0,0,53
RandomWaypointMobility-SPD-B-73-20220108-21:47:31-30828,900,13,TARPNetwork.node[14].generic.np,0,1499,0,0,190
RandomWaypointMobility-SPD-B-83-20220108-21:53:43-30828,900,23,TARPNetwork.node[14].generic.np,0,133,0,0,NaN
RandomWaypointMobility-SPD-B-76-20220108-21:49:18-30828,900,16,TARPNetwork.node[50].generic.np,0,855,0,0,848
RandomWaypointMobility-SPD-B-71-20220108-21:46:08-30828,900,11,TARPNetwork.node[42].generic.np,0,703,0,0,57
RandomWaypointMobility-SPD-B-63-20220108-21:41:50-30828,900,3,TARPNetwork.node[6].generic.np,0,824,0,0,95
RandomWaypointMobility-SPD-B-74-20220108-21:48:15-30828,900,14,TARPNetwork.node[15].generic.np,0,15,0,0,85
RandomWaypointMobility-SPD-B-89-20220108-21:57:16-30828,900,29,TARPNetwork.node[15].generic.np,0,762,0,0,825
RandomWaypointMobility-SPD-B-81-20220108-21:52:34-30828,900,21,TARPNetwork.node[15].generic.np,0,1022,0,0,745
RandomWaypointMobility-SPD-B-82-20220108-21:53:12-30828,900,22,TARPNetwork.node[6].generic.np,0,773,0,0,53
RandomWaypointMobility-SPD-B-68-20220108-21:44:32-30828,900,8,TARPNetwork.node[40].generic.np,0,831,0,0,113
RandomWaypointMobility-SPD-B-66-20220108-21:43:22-30828,900,6,TARPNetwork.node[40].generic.np,0,724,0,0,172
RandomWaypointMobility-SPD-B-84-20220108-21:54:18-30828,900,24,TARPNetwork.node[52].generic.np,0,863,0,0,74
RandomWaypointMobility-SPD-B-64-20220108-21:42:24-30828,900,4,TARPNetwork.node[16].generic.np,0,783,0,0,138
RandomWaypointMobility-SPD-B-72-20220108-21:46:43-30828,900,12,TARPNetwork.node[39].generic.np,0,1595,0,0,132
RandomWaypointMobility-SPD-B-61-20220108-21:40:57-30828,900,1,TARPNetwork.node[7].generic.np,0,1459,0,0,NaN
RandomWaypointMobility-SPD-B-69-20220108-21:44:59-30828,900,9,TARPNetwork.node[7].generic.np,0,1574,0,0,41
RandomWaypointMobility-SPD-B-69-20220108-21:44:59-30828,900,9,TARPNetwork.node[16].generic.np,0,122,0,0,678
RandomWaypointMobility-SPD-B-88-20220108-21:56:39-30828,900,28,TARPNetwork.node[52].generic.np,0,855,0,0,123
RandomWaypointMobility-SPD-B-80-20220108-21:52:09-30828,900,20,TARPNetwork.node[16].generic.np,0,285,0,0,0
RandomWaypointMobility-SPD-B-66-20220108-21:43:22-30828,900,6,TARPNetwork.node[42].generic.np,0,1771,0,0,22
RandomWaypointMobility-SPD-B-72-20220108-21:46:43-30828,900,12,TARPNetwork.node[13].generic.np,0,1678,0,0,59
RandomWaypointMobility-SPD-B-73-20220108-21:47:31-30828,900,13,TARPNetwork.node[39].generic.np,0,1557,0,0,146
RandomWaypointMobility-SPD-B-83-20220108-21:53:43-30828,900,23,TARPNetwork.node[6].generic.np,0,1669,0,0,37
RandomWaypointMobility-SPD-B-75-20220108-21:48:47-30828,900,15,TARPNetwork.node[52].generic.np,0,812,0,0,81
RandomWaypointMobility-SPD-B-73-20220108-21:47:31-30828,900,13,TARPNetwork.node[6].generic.np,0,1624,0,0,71
RandomWaypointMobility-SPD-B-80-20220108-21:52:09-30828,900,20,TARPNetwork.node[6].generic.np,0,261,0,0,822
RandomWaypointMobility-SPD-B-61-20220108-21:40:57-30828,900,1,TARPNetwork.node[50].generic.np,0,46,0,0,38
RandomWaypointMobility-SPD-B-64-20220108-21:42:24-30828,900,4,TARPNetwork.node[15].generic.np,0,833,0,0,174
RandomWaypointMobility-SPD-B-67-20220108-21:43:58-30828,900,7,TARPNetwork.node[40].generic.np,0,766,0,0,59
RandomWaypointMobility-SPD-B-86-20220108-21:55:49-30828,900,26,TARPNetwork.node[15].generic.np,0,905,0,0,826
RandomWaypointMobility-SPD-B-61-20220108-21:40:57-30828,900,1,TARPNetwork.node[13].generic.np,0,84,0,0,1386
RandomWaypointMobility-SPD-B-67-20220108-21:43:58-30828,900,7,TARPNetwork.node[15].generic.np,0,919,0,0,1
RandomWaypointMobility-SPD-B-79-20220108-21:51:30-30828,900,19,TARPNetwork.node[40].generic.np,0,909,0,0,4
RandomWaypointMobility-SPD-B-74-20220108-21:48:15-30828,900,14,TARPNetwork.node[6].generic.np,0,748,0,0,98
RandomWaypointMobility-SPD-B-64-20220108-21:42:24-30828,900,4,TARPNetwork.node[7].generic.np,0,851,0,0,140
RandomWaypointMobility-SPD-B-87-20220108-21:56:09-30828,900,27,TARPNetwork.node[15].generic.np,0,946,0,0,834
RandomWaypointMobility-SPD-B-61-20220108-21:40:57-30828,900,1,TARPNetwork.node[40].generic.np,0,70,0,0,25
RandomWaypointMobility-SPD-B-60-20220108-21:40:29-30828,900,0,TARPNetwork.node[15].generic.np,0,865,0,0,46
RandomWaypointMobility-SPD-B-64-20220108-21:42:24-30828,900,4,TARPNetwork.node[6].generic.np,0,52,0,0,11
RandomWaypointMobility-SPD-B-71-20220108-21:46:08-30828,900,11,TARPNetwork.node[40].generic.np,0,752,0,0,57
RandomWaypointMobility-SPD-B-71-20220108-21:46:08-30828,900,11,TARPNetwork.node[15].generic.np,0,938,0,0,0
RandomWaypointMobility-SPD-B-79-20220108-21:51:30-30828,900,19,TARPNetwork.node[50].generic.np,0,800,0,0,113
RandomWaypointMobility-SPD-B-88-20220108-21:56:39-30828,900,28,TARPNetwork.node[49].generic.np,0,968,0,0,9
RandomWaypointMobility-SPD-B-72-20220108-21:46:43-30828,900,12,TARPNetwork.node[12].generic.np,0,1457,0,0,178
RandomWaypointMobility-SPD-B-79-20220108-21:51:30-30828,900,19,TARPNetwork.node[55].generic.np,0,800,0,0,121
RandomWaypointMobility-SPD-B-85-20220108-21:54:59-30828,900,25,TARPNetwork.node[35].generic.np,0,1428,0,0,264
RandomWaypointMobility-SPD-B-79-20220108-21:51:30-30828,900,19,TARPNetwork.node[35].generic.np,0,909,0,0,2
RandomWaypointMobility-SPD-B-85-20220108-21:54:59-30828,900,25,TARPNetwork.node[3].generic.np,0,1724,0,0,17
RandomWaypointMobility-SPD-B-65-20220108-21:42:59-30828,900,5,TARPNetwork.node[34].generic.np,0,86,0,0,77
RandomWaypointMobility-SPD-B-71-20220108-21:46:08-30828,900,11,TARPNetwork.node[44].generic.np,0,814,0,0,132
RandomWaypointMobility-SPD-B-62-20220108-21:41:21-30828,900,2,TARPNetwork.node[44].generic.np,0,850,0,0,108
RandomWaypointMobility-SPD-B-69-20220108-21:44:59-30828,900,9,TARPNetwork.node[20].generic.np,0,1575,0,0,16
RandomWaypointMobility-SPD-B-87-20220108-21:56:09-30828,900,27,TARPNetwork.node[20].generic.np,0,193,0,0,52
RandomWaypointMobility-SPD-B-78-20220108-21:50:40-30828,900,18,TARPNetwork.node[19].generic.np,0,941,0,0,26
RandomWaypointMobility-SPD-B-78-20220108-21:50:40-30828,900,18,TARPNetwork.node[20].generic.np,0,977,0,0,96
RandomWaypointMobility-SPD-B-61-20220108-21:40:57-30828,900,1,TARPNetwork.node[12].generic.np,0,86,0,0,5
RandomWaypointMobility-SPD-B-64-20220108-21:42:24-30828,900,4,TARPNetwork.node[55].generic.np,0,793,0,0,74
RandomWaypointMobility-SPD-B-83-20220108-21:53:43-30828,900,23,TARPNetwork.node[42].generic.np,0,150,0,0,178
RandomWaypointMobility-SPD-B-66-20220108-21:43:22-30828,900,6,TARPNetwork.node[20].generic.np,NaN,899,0,0,NaN
RandomWaypointMobility-SPD-B-65-20220108-21:42:59-30828,900,5,TARPNetwork.node[55].generic.np,0,186,0,0,45
RandomWaypointMobility-SPD-B-77-20220108-21:49:56-30828,900,17,TARPNetwork.node[3].generic.np,0,1687,0,0,79
RandomWaypointMobility-SPD-B-69-20220108-21:44:59-30828,900,9,TARPNetwork.node[35].generic.np,0,1597,0,0,17
RandomWaypointMobility-SPD-B-68-20220108-21:44:32-30828,900,8,TARPNetwork.node[15].generic.np,0,597,0,0,348
RandomWaypointMobility-SPD-B-87-20220108-21:56:09-30828,900,27,TARPNetwork.node[7].generic.np,0,184,0,0,69
RandomWaypointMobility-SPD-B-82-20220108-21:53:12-30828,900,22,TARPNetwork.node[40].generic.np,0,232,0,0,50
RandomWaypointMobility-SPD-B-71-20220108-21:46:08-30828,900,11,TARPNetwork.node[50].generic.np,0,710,0,0,123
RandomWaypointMobility-SPD-B-76-20220108-21:49:18-30828,900,16,TARPNetwork.node[40].generic.np,0,297,0,0,618
RandomWaypointMobility-SPD-B-81-20220108-21:52:34-30828,900,21,TARPNetwork.node[51].generic.np,0,1693,0,0,53
RandomWaypointMobility-SPD-B-64-20220108-21:42:24-30828,900,4,TARPNetwork.node[50].generic.np,0,775,0,0,75
RandomWaypointMobility-SPD-B-85-20220108-21:54:59-30828,900,25,TARPNetwork.node[6].generic.np,0,894,0,0,859
RandomWaypointMobility-SPD-B-84-20220108-21:54:18-30828,900,24,TARPNetwork.node[42].generic.np,0,889,0,0,69
RandomWaypointMobility-SPD-B-88-20220108-21:56:39-30828,900,28,TARPNetwork.node[14].generic.np,0,941,0,0,36
RandomWaypointMobility-SPD-B-70-20220108-21:45:39-30828,900,10,TARPNetwork.node[15].generic.np,0,788,0,0,35
RandomWaypointMobility-SPD-B-80-20220108-21:52:09-30828,900,20,TARPNetwork.node[15].generic.np,0,267,0,0,784
RandomWaypointMobility-SPD-B-62-20220108-21:41:21-30828,900,2,TARPNetwork.node[51].generic.np,0,824,0,0,158
RandomWaypointMobility-SPD-B-62-20220108-21:41:21-30828,900,2,TARPNetwork.node[42].generic.np,0,884,0,0,89
RandomWaypointMobility-SPD-B-67-20220108-21:43:58-30828,900,7,TARPNetwork.node[19].generic.np,0,872,0,0,44
RandomWaypointMobility-SPD-B-74-20220108-21:48:15-30828,900,14,TARPNetwork.node[44].generic.np,0,59,0,0,71
RandomWaypointMobility-SPD-B-63-20220108-21:41:50-30828,900,3,TARPNetwork.node[15].generic.np,0,1726,0,0,26
RandomWaypointMobility-SPD-B-76-20220108-21:49:18-30828,900,16,TARPNetwork.node[51].generic.np,0,236,0,0,754
RandomWaypointMobility-SPD-B-87-20220108-21:56:09-30828,900,27,TARPNetwork.node[42].generic.np,0,108,0,0,199
RandomWaypointMobility-SPD-B-75-20220108-21:48:47-30828,900,15,TARPNetwork.node[42].generic.np,0,1576,0,0,100
RandomWaypointMobility-SPD-B-72-20220108-21:46:43-30828,900,12,TARPNetwork.node[14].generic.np,0,70,0,0,21
RandomWaypointMobility-SPD-B-80-20220108-21:52:09-30828,900,20,TARPNetwork.node[41].generic.np,0,279,0,0,14
RandomWaypointMobility-SPD-B-72-20220108-21:46:43-30828,900,12,TARPNetwork.node[41].generic.np,0,49,0,0,0
RandomWaypointMobility-SPD-B-75-20220108-21:48:47-30828,900,15,TARPNetwork.node[41].generic.np,0,53,0,0,9
RandomWaypointMobility-SPD-B-63-20220108-21:41:50-30828,900,3,TARPNetwork.node[41].generic.np,0,47,0,0,105
RandomWaypointMobility-SPD-B-69-20220108-21:44:59-30828,900,9,TARPNetwork.node[14].generic.np,0,10,0,0,0
RandomWaypointMobility-SPD-B-78-20220108-21:50:40-30828,900,18,TARPNetwork.node[51].generic.np,0,1026,0,0,48
RandomWaypointMobility-SPD-B-73-20220108-21:47:31-30828,900,13,TARPNetwork.node[51].generic.np,0,192,0,0,1396
RandomWaypointMobility-SPD-B-77-20220108-21:49:56-30828,900,17,TARPNetwork.node[7].generic.np,0,1768,0,0,20
RandomWaypointMobility-SPD-B-86-20220108-21:55:49-30828,900,26,TARPNetwork.node[51].generic.np,0,72,0,0,16
RandomWaypointMobility-SPD-B-68-20220108-21:44:32-30828,900,8,TARPNetwork.node[51].generic.np,0,793,0,0,151
RandomWaypointMobility-SPD-B-86-20220108-21:55:49-30828,900,26,TARPNetwork.node[41].generic.np,0,117,0,0,829
RandomWaypointMobility-SPD-B-68-20220108-21:44:32-30828,900,8,TARPNetwork.node[41].generic.np,0,419,0,0,433
RandomWaypointMobility-SPD-B-78-20220108-21:50:40-30828,900,18,TARPNetwork.node[6].generic.np,0,714,0,0,337
RandomWaypointMobility-SPD-B-62-20220108-21:41:21-30828,900,2,TARPNetwork.node[41].generic.np,0,761,0,0,225
RandomWaypointMobility-SPD-B-65-20220108-21:42:59-30828,900,5,TARPNetwork.node[6].generic.np,0,75,0,0,6
RandomWaypointMobility-SPD-B-65-20220108-21:42:59-30828,900,5,TARPNetwork.node[14].generic.np,0,86,0,0,97
RandomWaypointMobility-SPD-B-75-20220108-21:48:47-30828,900,15,TARPNetwork.node[7].generic.np,0,713,0,0,948
RandomWaypointMobility-SPD-B-82-20220108-21:53:12-30828,900,22,TARPNetwork.node[41].generic.np,0,218,0,0,38
RandomWaypointMobility-SPD-B-87-20220108-21:56:09-30828,900,27,TARPNetwork.node[14].generic.np,0,1782,0,0,0
RandomWaypointMobility-SPD-B-71-20220108-21:46:08-30828,900,11,TARPNetwork.node[51].generic.np,0,701,0,0,72
RandomWaypointMobility-SPD-B-83-20220108-21:53:43-30828,900,23,TARPNetwork.node[41].generic.np,0,1720,0,0,1
RandomWaypointMobility-SPD-B-66-20220108-21:43:22-30828,900,6,TARPNetwork.node[51].generic.np,0,333,0,0,753
RandomWaypointMobility-SPD-B-70-20220108-21:45:39-30828,900,10,TARPNetwork.node[41].generic.np,0,784,0,0,52
RandomWaypointMobility-SPD-B-73-20220108-21:47:31-30828,900,13,TARPNetwork.node[41].generic.np,0,198,0,0,4
RandomWaypointMobility-SPD-B-84-20220108-21:54:18-30828,900,24,TARPNetwork.node[14].generic.np,0,886,0,0,51
RandomWaypointMobility-SPD-B-65-20220108-21:42:59-30828,900,5,TARPNetwork.node[41].generic.np,0,1727,0,0,42
RandomWaypointMobility-SPD-B-79-20220108-21:51:30-30828,900,19,TARPNetwork.node[7].generic.np,0,909,0,0,0
RandomWaypointMobility-SPD-B-82-20220108-21:53:12-30828,900,22,TARPNetwork.node[14].generic.np,0,203,0,0,78
RandomWaypointMobility-SPD-B-84-20220108-21:54:18-30828,900,24,TARPNetwork.node[41].generic.np,0,897,0,0,40
RandomWaypointMobility-SPD-B-88-20220108-21:56:39-30828,900,28,TARPNetwork.node[41].generic.np,0,971,0,0,4
RandomWaypointMobility-SPD-B-62-20220108-21:41:21-30828,900,2,TARPNetwork.node[14].generic.np,0,874,0,0,113
RandomWaypointMobility-SPD-B-70-20220108-21:45:39-30828,900,10,TARPNetwork.node[51].generic.np,0,903,0,0,698
RandomWaypointMobility-SPD-B-73-20220108-21:47:31-30828,900,13,TARPNetwork.node[7].generic.np,0,1666,0,0,19
RandomWaypointMobility-SPD-B-72-20220108-21:46:43-30828,900,12,TARPNetwork.node[51].generic.np,0,1534,0,0,178
RandomWaypointMobility-SPD-B-64-20220108-21:42:24-30828,900,4,TARPNetwork.node[41].generic.np,0,853,0,0,60
RandomWaypointMobility-SPD-B-86-20220108-21:55:49-30828,900,26,TARPNetwork.node[6].generic.np,0,77,0,0,2
RandomWaypointMobility-SPD-B-79-20220108-21:51:30-30828,900,19,TARPNetwork.node[6].generic.np,0,898,0,0,2
RandomWaypointMobility-SPD-B-60-20220108-21:40:29-30828,900,0,TARPNetwork.node[14].generic.np,0,881,0,0,21
RandomWaypointMobility-SPD-B-88-20220108-21:56:39-30828,900,28,TARPNetwork.node[51].generic.np,0,968,0,0,9
RandomWaypointMobility-SPD-B-64-20220108-21:42:24-30828,900,4,TARPNetwork.node[42].generic.np,0,856,0,0,100
RandomWaypointMobility-SPD-B-83-20220108-21:53:43-30828,900,23,TARPNetwork.node[51].generic.np,0,1686,0,0,35
RandomWaypointMobility-SPD-B-69-20220108-21:44:59-30828,900,9,TARPNetwork.node[51].generic.np,0,826,0,0,2
RandomWaypointMobility-SPD-B-77-20220108-21:49:56-30828,900,17,TARPNetwork.node[14].generic.np,0,979,0,0,14
RandomWaypointMobility-SPD-B-71-20220108-21:46:08-30828,900,11,TARPNetwork.node[7].generic.np,0,782,0,0,33
RandomWaypointMobility-SPD-B-66-20220108-21:43:22-30828,900,6,TARPNetwork.node[14].generic.np,0,132,0,0,97
RandomWaypointMobility-SPD-B-64-20220108-21:42:24-30828,900,4,TARPNetwork.node[14].generic.np,0,827,0,0,40
RandomWaypointMobility-SPD-B-63-20220108-21:41:50-30828,900,3,TARPNetwork.node[51].generic.np,0,703,0,0,26
RandomWaypointMobility-SPD-B-85-20220108-21:54:59-30828,900,25,TARPNetwork.node[15].generic.np,0,1410,0,0,174
RandomWaypointMobility-SPD-B-81-20220108-21:52:34-30828,900,21,TARPNetwork.node[42].generic.np,0,183,0,0,10
RandomWaypointMobility-SPD-B-60-20220108-21:40:29-30828,900,0,TARPNetwork.node[40].generic.np,0,767,0,0,42
RandomWaypointMobility-SPD-B-72-20220108-21:46:43-30828,900,12,TARPNetwork.node[40].generic.np,0,1503,0,0,187
RandomWaypointMobility-SPD-B-88-20220108-21:56:39-30828,900,28,TARPNetwork.node[15].generic.np,0,817,0,0,87
RandomWaypointMobility-SPD-B-69-20220108-21:44:59-30828,900,9,TARPNetwork.node[40].generic.np,0,123,0,0,20
RandomWaypointMobility-SPD-B-89-20220108-21:57:16-30828,900,29,TARPNetwork.node[40].generic.np,0,105,0,0,117
RandomWaypointMobility-SPD-B-75-20220108-21:48:47-30828,900,15,TARPNetwork.node[40].generic.np,0,726,0,0,190
RandomWaypointMobility-SPD-B-85-20220108-21:54:59-30828,900,25,TARPNetwork.node[50].generic.np,0,1630,0,0,79
RandomWaypointMobility-SPD-B-84-20220108-21:54:18-30828,900,24,TARPNetwork.node[15].generic.np,0,926,0,0,8
RandomWaypointMobility-SPD-B-74-20220108-21:48:15-30828,900,14,TARPNetwork.node[16].generic.np,0,901,0,0,69
RandomWaypointMobility-SPD-B-81-20220108-21:52:34-30828,900,21,TARPNetwork.node[39].generic.np,0,1728,0,0,38
RandomWaypointMobility-SPD-B-68-20220108-21:44:32-30828,900,8,TARPNetwork.node[6].generic.np,0,863,0,0,70
RandomWaypointMobility-SPD-B-66-20220108-21:43:22-30828,900,6,TARPNetwork.node[6].generic.np,0,675,0,0,179
RandomWaypointMobility-SPD-B-80-20220108-21:52:09-30828,900,20,TARPNetwork.node[40].generic.np,0,1762,0,0,0
RandomWaypointMobility-SPD-B-89-20220108-21:57:16-30828,900,29,TARPNetwork.node[14].generic.np,0,72,0,0,64
RandomWaypointMobility-SPD-B-61-20220108-21:40:57-30828,900,1,TARPNetwork.node[6].generic.np,0,55,0,0,NaN
RandomWaypointMobility-SPD-B-63-20220108-21:41:50-30828,900,3,TARPNetwork.node[16].generic.np,0,103,0,0,105
RandomWaypointMobility-SPD-B-79-20220108-21:51:30-30828,900,19,TARPNetwork.node[39].generic.np,0,762,0,0,47
RandomWaypointMobility-SPD-B-62-20220108-21:41:21-30828,900,2,TARPNetwork.node[16].generic.np,0,907,0,0,92
RandomWaypointMobility-SPD-B-70-20220108-21:45:39-30828,900,10,TARPNetwork.node[42].generic.np,NaN,NaN,0,NaN,NaN
RandomWaypointMobility-SPD-B-60-20220108-21:40:29-30828,900,0,TARPNetwork.node[16].generic.np,0,913,0,0,62
RandomWaypointMobility-SPD-B-81-20220108-21:52:34-30828,900,21,TARPNetwork.node[52].generic.np,0,560,0,0,600
RandomWaypointMobility-SPD-B-82-20220108-21:53:12-30828,900,22,TARPNetwork.node[52].generic.np,0,784,0,0,101
RandomWaypointMobility-SPD-B-71-20220108-21:46:08-30828,900,11,TARPNetwork.node[6].generic.np,0,710,0,0,75
RandomWaypointMobility-SPD-B-77-20220108-21:49:56-30828,900,17,TARPNetwork.node[16].generic.np,0,1701,0,0,75
RandomWaypointMobility-SPD-B-88-20220108-21:56:39-30828,900,28,TARPNetwork.node[42].generic.np,0,844,0,0,70
RandomWaypointMobility-SPD-B-81-20220108-21:52:34-30828,900,21,TARPNetwork.node[14].generic.np,0,971,0,0,795
RandomWaypointMobility-SPD-B-75-20220108-21:48:47-30828,900,15,TARPNetwork.node[51].generic.np,0,170,0,0,55
RandomWaypointMobility-SPD-B-77-20220108-21:49:56-30828,900,17,TARPNetwork.node[42].generic.np,0,780,0,0,110
RandomWaypointMobility-SPD-B-80-20220108-21:52:09-30828,900,20,TARPNetwork.node[7].generic.np,0,963,0,0,26
RandomWaypointMobility-SPD-B-83-20220108-21:53:43-30828,900,23,TARPNetwork.node[52].generic.np,0,1711,0,0,0
RandomWaypointMobility-SPD-B-65-20220108-21:42:59-30828,900,5,TARPNetwork.node[15].generic.np,0,113,0,0,795
RandomWaypointMobility-SPD-B-69-20220108-21:44:59-30828,900,9,TARPNetwork.node[41].generic.np,0,793,0,0,1
RandomWaypointMobility-SPD-B-61-20220108-21:40:57-30828,900,1,TARPNetwork.node[51].generic.np,0,1453,0,0,7
RandomWaypointMobility-SPD-B-89-20220108-21:57:16-30828,900,29,TARPNetwork.node[52].generic.np,0,207,0,0,1436
RandomWaypointMobility-SPD-B-69-20220108-21:44:59-30828,900,9,TARPNetwork.node[15].generic.np,0,733,0,0,122
RandomWaypointMobility-SPD-B-77-20220108-21:49:56-30828,900,17,TARPNetwork.node[15].generic.np,0,678,0,0,45
